run_id,date,git_commit,phase,model,weights,precision_mode,device,dataset,split,condition,class,metric,value,n,seed,command,notes
p1_baseline_yolo11s_20261007T175332Z,2026-10-07,74dc92ae82,1,yolo11s,weights/best.pt@c3fc0bb3351b,fp32,cpu,construction-ppe,val,clean,all,map50,0.638884,1172,0,python -m ppe.eval --config configs/eval/baseline_yolo11s_test.yaml,"143 images; Ultralytics val, conf 0.001, NMS IoU 0.7; P and R at the confidence maximising mean F1 on this same split (Ultralytics convention), not at the operating confidence"
p1_baseline_yolo11s_20261007T175332Z,2026-10-07,74dc92ae82,1,yolo11s,weights/best.pt@c3fc0bb3351b,fp32,cpu,construction-ppe,val,clean,all,map50_95,0.314546,1172,0,python -m ppe.eval --config configs/eval/baseline_yolo11s_test.yaml,"143 images; Ultralytics val, conf 0.001, NMS IoU 0.7; P and R at the confidence maximising mean F1 on this same split (Ultralytics convention), not at the operating confidence"
p1_baseline_yolo11s_20261007T175332Z,2026-10-07,74dc92ae82,1,yolo11s,weights/best.pt@c3fc0bb3351b,fp32,cpu,construction-ppe,val,clean,all,precision_ul,0.739259,1172,0,python -m ppe.eval --config configs/eval/baseline_yolo11s_test.yaml,"Ultralytics val, conf 0.001, NMS IoU 0.7; P and R at the confidence maximising mean F1 on this same split (Ultralytics convention), not at the operating confidence"
p1_baseline_yolo11s_20261007T175332Z,2026-10-07,74dc92ae82,1,yolo11s,weights/best.pt@c3fc0bb3351b,fp32,cpu,construction-ppe,val,clean,all,recall_ul,0.590569,1172,0,python -m ppe.eval --config configs/eval/baseline_yolo11s_test.yaml,"Ultralytics val, conf 0.001, NMS IoU 0.7; P and R at the confidence maximising mean F1 on this same split (Ultralytics convention), not at the operating confidence"
p1_baseline_yolo11s_20261007T175332Z,2026-10-07,74dc92ae82,1,yolo11s,weights/best.pt@c3fc0bb3351b,fp32,cpu,construction-ppe,val,clean,helmet,map50,0.824265,201,0,python -m ppe.eval --config configs/eval/baseline_yolo11s_test.yaml,"Ultralytics val, conf 0.001, NMS IoU 0.7; P and R at the confidence maximising mean F1 on this same split (Ultralytics convention), not at the operating confidence"
p1_baseline_yolo11s_20261007T175332Z,2026-10-07,74dc92ae82,1,yolo11s,weights/best.pt@c3fc0bb3351b,fp32,cpu,construction-ppe,val,clean,helmet,map50_95,0.448721,201,0,python -m ppe.eval --config configs/eval/baseline_yolo11s_test.yaml,"Ultralytics val, conf 0.001, NMS IoU 0.7; P and R at the confidence maximising mean F1 on this same split (Ultralytics convention), not at the operating confidence"
p1_baseline_yolo11s_20261007T175332Z,2026-10-07,74dc92ae82,1,yolo11s,weights/best.pt@c3fc0bb3351b,fp32,cpu,construction-ppe,val,clean,helmet,precision_ul,0.867283,201,0,python -m ppe.eval --config configs/eval/baseline_yolo11s_test.yaml,"Ultralytics val, conf 0.001, NMS IoU 0.7; P and R at the confidence maximising mean F1 on this same split (Ultralytics convention), not at the operating confidence"
p1_baseline_yolo11s_20261007T175332Z,2026-10-07,74dc92ae82,1,yolo11s,weights/best.pt@c3fc0bb3351b,fp32,cpu,construction-ppe,val,clean,helmet,recall_ul,0.815920,201,0,python -m ppe.eval --config configs/eval/baseline_yolo11s_test.yaml,"Ultralytics val, conf 0.001, NMS IoU 0.7; P and R at the confidence maximising mean F1 on this same split (Ultralytics convention), not at the operating confidence"
p1_baseline_yolo11s_20261007T175332Z,2026-10-07,74dc92ae82,1,yolo11s,weights/best.pt@c3fc0bb3351b,fp32,cpu,construction-ppe,val,clean,gloves,map50,0.814759,136,0,python -m ppe.eval --config configs/eval/baseline_yolo11s_test.yaml,"Ultralytics val, conf 0.001, NMS IoU 0.7; P and R at the confidence maximising mean F1 on this same split (Ultralytics convention), not at the operating confidence"
p1_baseline_yolo11s_20261007T175332Z,2026-10-07,74dc92ae82,1,yolo11s,weights/best.pt@c3fc0bb3351b,fp32,cpu,construction-ppe,val,clean,gloves,map50_95,0.400460,136,0,python -m ppe.eval --config configs/eval/baseline_yolo11s_test.yaml,"Ultralytics val, conf 0.001, NMS IoU 0.7; P and R at the confidence maximising mean F1 on this same split (Ultralytics convention), not at the operating confidence"
p1_baseline_yolo11s_20261007T175332Z,2026-10-07,74dc92ae82,1,yolo11s,weights/best.pt@c3fc0bb3351b,fp32,cpu,construction-ppe,val,clean,gloves,precision_ul,0.832654,136,0,python -m ppe.eval --config configs/eval/baseline_yolo11s_test.yaml,"Ultralytics val, conf 0.001, NMS IoU 0.7; P and R at the confidence maximising mean F1 on this same split (Ultralytics convention), not at the operating confidence"
p1_baseline_yolo11s_20261007T175332Z,2026-10-07,74dc92ae82,1,yolo11s,weights/best.pt@c3fc0bb3351b,fp32,cpu,construction-ppe,val,clean,gloves,recall_ul,0.772059,136,0,python -m ppe.eval --config configs/eval/baseline_yolo11s_test.yaml,"Ultralytics val, conf 0.001, NMS IoU 0.7; P and R at the confidence maximising mean F1 on this same split (Ultralytics convention), not at the operating confidence"
p1_baseline_yolo11s_20261007T175332Z,2026-10-07,74dc92ae82,1,yolo11s,weights/best.pt@c3fc0bb3351b,fp32,cpu,construction-ppe,val,clean,vest,map50,0.859904,171,0,python -m ppe.eval --config configs/eval/baseline_yolo11s_test.yaml,"Ultralytics val, conf 0.001, NMS IoU 0.7; P and R at the confidence maximising mean F1 on this same split (Ultralytics convention), not at the operating confidence"
p1_baseline_yolo11s_20261007T175332Z,2026-10-07,74dc92ae82,1,yolo11s,weights/best.pt@c3fc0bb3351b,fp32,cpu,construction-ppe,val,clean,vest,map50_95,0.557751,171,0,python -m ppe.eval --config configs/eval/baseline_yolo11s_test.yaml,"Ultralytics val, conf 0.001, NMS IoU 0.7; P and R at the confidence maximising mean F1 on this same split (Ultralytics convention), not at the operating confidence"
p1_baseline_yolo11s_20261007T175332Z,2026-10-07,74dc92ae82,1,yolo11s,weights/best.pt@c3fc0bb3351b,fp32,cpu,construction-ppe,val,clean,vest,precision_ul,0.842387,171,0,python -m ppe.eval --config configs/eval/baseline_yolo11s_test.yaml,"Ultralytics val, conf 0.001, NMS IoU 0.7; P and R at the confidence maximising mean F1 on this same split (Ultralytics convention), not at the operating confidence"
p1_baseline_yolo11s_20261007T175332Z,2026-10-07,74dc92ae82,1,yolo11s,weights/best.pt@c3fc0bb3351b,fp32,cpu,construction-ppe,val,clean,vest,recall_ul,0.795322,171,0,python -m ppe.eval --config configs/eval/baseline_yolo11s_test.yaml,"Ultralytics val, conf 0.001, NMS IoU 0.7; P and R at the confidence maximising mean F1 on this same split (Ultralytics convention), not at the operating confidence"
p1_baseline_yolo11s_20261007T175332Z,2026-10-07,74dc92ae82,1,yolo11s,weights/best.pt@c3fc0bb3351b,fp32,cpu,construction-ppe,val,clean,boots,map50,0.817937,151,0,python -m ppe.eval --config configs/eval/baseline_yolo11s_test.yaml,"Ultralytics val, conf 0.001, NMS IoU 0.7; P and R at the confidence maximising mean F1 on this same split (Ultralytics convention), not at the operating confidence"
p1_baseline_yolo11s_20261007T175332Z,2026-10-07,74dc92ae82,1,yolo11s,weights/best.pt@c3fc0bb3351b,fp32,cpu,construction-ppe,val,clean,boots,map50_95,0.462656,151,0,python -m ppe.eval --config configs/eval/baseline_yolo11s_test.yaml,"Ultralytics val, conf 0.001, NMS IoU 0.7; P and R at the confidence maximising mean F1 on this same split (Ultralytics convention), not at the operating confidence"
p1_baseline_yolo11s_20261007T175332Z,2026-10-07,74dc92ae82,1,yolo11s,weights/best.pt@c3fc0bb3351b,fp32,cpu,construction-ppe,val,clean,boots,precision_ul,0.776699,151,0,python -m ppe.eval --config configs/eval/baseline_yolo11s_test.yaml,"Ultralytics val, conf 0.001, NMS IoU 0.7; P and R at the confidence maximising mean F1 on this same split (Ultralytics convention), not at the operating confidence"
p1_baseline_yolo11s_20261007T175332Z,2026-10-07,74dc92ae82,1,yolo11s,weights/best.pt@c3fc0bb3351b,fp32,cpu,construction-ppe,val,clean,boots,recall_ul,0.761589,151,0,python -m ppe.eval --config configs/eval/baseline_yolo11s_test.yaml,"Ultralytics val, conf 0.001, NMS IoU 0.7; P and R at the confidence maximising mean F1 on this same split (Ultralytics convention), not at the operating confidence"
p1_baseline_yolo11s_20261007T175332Z,2026-10-07,74dc92ae82,1,yolo11s,weights/best.pt@c3fc0bb3351b,fp32,cpu,construction-ppe,val,clean,goggles,map50,0.810907,47,0,python -m ppe.eval --config configs/eval/baseline_yolo11s_test.yaml,"Ultralytics val, conf 0.001, NMS IoU 0.7; P and R at the confidence maximising mean F1 on this same split (Ultralytics convention), not at the operating confidence"
p1_baseline_yolo11s_20261007T175332Z,2026-10-07,74dc92ae82,1,yolo11s,weights/best.pt@c3fc0bb3351b,fp32,cpu,construction-ppe,val,clean,goggles,map50_95,0.398294,47,0,python -m ppe.eval --config configs/eval/baseline_yolo11s_test.yaml,"Ultralytics val, conf 0.001, NMS IoU 0.7; P and R at the confidence maximising mean F1 on this same split (Ultralytics convention), not at the operating confidence"
p1_baseline_yolo11s_20261007T175332Z,2026-10-07,74dc92ae82,1,yolo11s,weights/best.pt@c3fc0bb3351b,fp32,cpu,construction-ppe,val,clean,goggles,precision_ul,0.831204,47,0,python -m ppe.eval --config configs/eval/baseline_yolo11s_test.yaml,"Ultralytics val, conf 0.001, NMS IoU 0.7; P and R at the confidence maximising mean F1 on this same split (Ultralytics convention), not at the operating confidence"
p1_baseline_yolo11s_20261007T175332Z,2026-10-07,74dc92ae82,1,yolo11s,weights/best.pt@c3fc0bb3351b,fp32,cpu,construction-ppe,val,clean,goggles,recall_ul,0.787234,47,0,python -m ppe.eval --config configs/eval/baseline_yolo11s_test.yaml,"Ultralytics val, conf 0.001, NMS IoU 0.7; P and R at the confidence maximising mean F1 on this same split (Ultralytics convention), not at the operating confidence"
p1_baseline_yolo11s_20261007T175332Z,2026-10-07,74dc92ae82,1,yolo11s,weights/best.pt@c3fc0bb3351b,fp32,cpu,construction-ppe,val,clean,none,map50,0.631848,81,0,python -m ppe.eval --config configs/eval/baseline_yolo11s_test.yaml,"Ultralytics val, conf 0.001, NMS IoU 0.7; P and R at the confidence maximising mean F1 on this same split (Ultralytics convention), not at the operating confidence"
p1_baseline_yolo11s_20261007T175332Z,2026-10-07,74dc92ae82,1,yolo11s,weights/best.pt@c3fc0bb3351b,fp32,cpu,construction-ppe,val,clean,none,map50_95,0.239590,81,0,python -m ppe.eval --config configs/eval/baseline_yolo11s_test.yaml,"Ultralytics val, conf 0.001, NMS IoU 0.7; P and R at the confidence maximising mean F1 on this same split (Ultralytics convention), not at the operating confidence"
p1_baseline_yolo11s_20261007T175332Z,2026-10-07,74dc92ae82,1,yolo11s,weights/best.pt@c3fc0bb3351b,fp32,cpu,construction-ppe,val,clean,none,precision_ul,0.597317,81,0,python -m ppe.eval --config configs/eval/baseline_yolo11s_test.yaml,"Ultralytics val, conf 0.001, NMS IoU 0.7; P and R at the confidence maximising mean F1 on this same split (Ultralytics convention), not at the operating confidence"
p1_baseline_yolo11s_20261007T175332Z,2026-10-07,74dc92ae82,1,yolo11s,weights/best.pt@c3fc0bb3351b,fp32,cpu,construction-ppe,val,clean,none,recall_ul,0.622674,81,0,python -m ppe.eval --config configs/eval/baseline_yolo11s_test.yaml,"Ultralytics val, conf 0.001, NMS IoU 0.7; P and R at the confidence maximising mean F1 on this same split (Ultralytics convention), not at the operating confidence"
p1_baseline_yolo11s_20261007T175332Z,2026-10-07,74dc92ae82,1,yolo11s,weights/best.pt@c3fc0bb3351b,fp32,cpu,construction-ppe,val,clean,person,map50,0.926835,239,0,python -m ppe.eval --config configs/eval/baseline_yolo11s_test.yaml,"Ultralytics val, conf 0.001, NMS IoU 0.7; P and R at the confidence maximising mean F1 on this same split (Ultralytics convention), not at the operating confidence"
p1_baseline_yolo11s_20261007T175332Z,2026-10-07,74dc92ae82,1,yolo11s,weights/best.pt@c3fc0bb3351b,fp32,cpu,construction-ppe,val,clean,person,map50_95,0.553785,239,0,python -m ppe.eval --config configs/eval/baseline_yolo11s_test.yaml,"Ultralytics val, conf 0.001, NMS IoU 0.7; P and R at the confidence maximising mean F1 on this same split (Ultralytics convention), not at the operating confidence"
p1_baseline_yolo11s_20261007T175332Z,2026-10-07,74dc92ae82,1,yolo11s,weights/best.pt@c3fc0bb3351b,fp32,cpu,construction-ppe,val,clean,person,precision_ul,0.863240,239,0,python -m ppe.eval --config configs/eval/baseline_yolo11s_test.yaml,"Ultralytics val, conf 0.001, NMS IoU 0.7; P and R at the confidence maximising mean F1 on this same split (Ultralytics convention), not at the operating confidence"
p1_baseline_yolo11s_20261007T175332Z,2026-10-07,74dc92ae82,1,yolo11s,weights/best.pt@c3fc0bb3351b,fp32,cpu,construction-ppe,val,clean,person,recall_ul,0.903766,239,0,python -m ppe.eval --config configs/eval/baseline_yolo11s_test.yaml,"Ultralytics val, conf 0.001, NMS IoU 0.7; P and R at the confidence maximising mean F1 on this same split (Ultralytics convention), not at the operating confidence"
p1_baseline_yolo11s_20261007T175332Z,2026-10-07,74dc92ae82,1,yolo11s,weights/best.pt@c3fc0bb3351b,fp32,cpu,construction-ppe,val,clean,no_helmet,map50,0.460789,45,0,python -m ppe.eval --config configs/eval/baseline_yolo11s_test.yaml,"Ultralytics val, conf 0.001, NMS IoU 0.7; P and R at the confidence maximising mean F1 on this same split (Ultralytics convention), not at the operating confidence"
p1_baseline_yolo11s_20261007T175332Z,2026-10-07,74dc92ae82,1,yolo11s,weights/best.pt@c3fc0bb3351b,fp32,cpu,construction-ppe,val,clean,no_helmet,map50_95,0.155838,45,0,python -m ppe.eval --config configs/eval/baseline_yolo11s_test.yaml,"Ultralytics val, conf 0.001, NMS IoU 0.7; P and R at the confidence maximising mean F1 on this same split (Ultralytics convention), not at the operating confidence"
p1_baseline_yolo11s_20261007T175332Z,2026-10-07,74dc92ae82,1,yolo11s,weights/best.pt@c3fc0bb3351b,fp32,cpu,construction-ppe,val,clean,no_helmet,precision_ul,0.503854,45,0,python -m ppe.eval --config configs/eval/baseline_yolo11s_test.yaml,"Ultralytics val, conf 0.001, NMS IoU 0.7; P and R at the confidence maximising mean F1 on this same split (Ultralytics convention), not at the operating confidence"
p1_baseline_yolo11s_20261007T175332Z,2026-10-07,74dc92ae82,1,yolo11s,weights/best.pt@c3fc0bb3351b,fp32,cpu,construction-ppe,val,clean,no_helmet,recall_ul,0.466667,45,0,python -m ppe.eval --config configs/eval/baseline_yolo11s_test.yaml,"Ultralytics val, conf 0.001, NMS IoU 0.7; P and R at the confidence maximising mean F1 on this same split (Ultralytics convention), not at the operating confidence"
p1_baseline_yolo11s_20261007T175332Z,2026-10-07,74dc92ae82,1,yolo11s,weights/best.pt@c3fc0bb3351b,fp32,cpu,construction-ppe,val,clean,no_goggle,map50,0.287516,41,0,python -m ppe.eval --config configs/eval/baseline_yolo11s_test.yaml,"Ultralytics val, conf 0.001, NMS IoU 0.7; P and R at the confidence maximising mean F1 on this same split (Ultralytics convention), not at the operating confidence"
p1_baseline_yolo11s_20261007T175332Z,2026-10-07,74dc92ae82,1,yolo11s,weights/best.pt@c3fc0bb3351b,fp32,cpu,construction-ppe,val,clean,no_goggle,map50_95,0.085736,41,0,python -m ppe.eval --config configs/eval/baseline_yolo11s_test.yaml,"Ultralytics val, conf 0.001, NMS IoU 0.7; P and R at the confidence maximising mean F1 on this same split (Ultralytics convention), not at the operating confidence"
p1_baseline_yolo11s_20261007T175332Z,2026-10-07,74dc92ae82,1,yolo11s,weights/best.pt@c3fc0bb3351b,fp32,cpu,construction-ppe,val,clean,no_goggle,precision_ul,0.508428,41,0,python -m ppe.eval --config configs/eval/baseline_yolo11s_test.yaml,"Ultralytics val, conf 0.001, NMS IoU 0.7; P and R at the confidence maximising mean F1 on this same split (Ultralytics convention), not at the operating confidence"
p1_baseline_yolo11s_20261007T175332Z,2026-10-07,74dc92ae82,1,yolo11s,weights/best.pt@c3fc0bb3351b,fp32,cpu,construction-ppe,val,clean,no_goggle,recall_ul,0.219512,41,0,python -m ppe.eval --config configs/eval/baseline_yolo11s_test.yaml,"Ultralytics val, conf 0.001, NMS IoU 0.7; P and R at the confidence maximising mean F1 on this same split (Ultralytics convention), not at the operating confidence"
p1_baseline_yolo11s_20261007T175332Z,2026-10-07,74dc92ae82,1,yolo11s,weights/best.pt@c3fc0bb3351b,fp32,cpu,construction-ppe,val,clean,no_gloves,map50,0.300008,56,0,python -m ppe.eval --config configs/eval/baseline_yolo11s_test.yaml,"Ultralytics val, conf 0.001, NMS IoU 0.7; P and R at the confidence maximising mean F1 on this same split (Ultralytics convention), not at the operating confidence"
p1_baseline_yolo11s_20261007T175332Z,2026-10-07,74dc92ae82,1,yolo11s,weights/best.pt@c3fc0bb3351b,fp32,cpu,construction-ppe,val,clean,no_gloves,map50_95,0.073436,56,0,python -m ppe.eval --config configs/eval/baseline_yolo11s_test.yaml,"Ultralytics val, conf 0.001, NMS IoU 0.7; P and R at the confidence maximising mean F1 on this same split (Ultralytics convention), not at the operating confidence"
p1_baseline_yolo11s_20261007T175332Z,2026-10-07,74dc92ae82,1,yolo11s,weights/best.pt@c3fc0bb3351b,fp32,cpu,construction-ppe,val,clean,no_gloves,precision_ul,0.508779,56,0,python -m ppe.eval --config configs/eval/baseline_yolo11s_test.yaml,"Ultralytics val, conf 0.001, NMS IoU 0.7; P and R at the confidence maximising mean F1 on this same split (Ultralytics convention), not at the operating confidence"
p1_baseline_yolo11s_20261007T175332Z,2026-10-07,74dc92ae82,1,yolo11s,weights/best.pt@c3fc0bb3351b,fp32,cpu,construction-ppe,val,clean,no_gloves,recall_ul,0.351514,56,0,python -m ppe.eval --config configs/eval/baseline_yolo11s_test.yaml,"Ultralytics val, conf 0.001, NMS IoU 0.7; P and R at the confidence maximising mean F1 on this same split (Ultralytics convention), not at the operating confidence"
p1_baseline_yolo11s_20261007T175332Z,2026-10-07,74dc92ae82,1,yolo11s,weights/best.pt@c3fc0bb3351b,fp32,cpu,construction-ppe,val,clean,no_boots,map50,0.292955,4,0,python -m ppe.eval --config configs/eval/baseline_yolo11s_test.yaml,"Ultralytics val, conf 0.001, NMS IoU 0.7; P and R at the confidence maximising mean F1 on this same split (Ultralytics convention), not at the operating confidence"
p1_baseline_yolo11s_20261007T175332Z,2026-10-07,74dc92ae82,1,yolo11s,weights/best.pt@c3fc0bb3351b,fp32,cpu,construction-ppe,val,clean,no_boots,map50_95,0.083740,4,0,python -m ppe.eval --config configs/eval/baseline_yolo11s_test.yaml,"Ultralytics val, conf 0.001, NMS IoU 0.7; P and R at the confidence maximising mean F1 on this same split (Ultralytics convention), not at the operating confidence"
p1_baseline_yolo11s_20261007T175332Z,2026-10-07,74dc92ae82,1,yolo11s,weights/best.pt@c3fc0bb3351b,fp32,cpu,construction-ppe,val,clean,no_boots,precision_ul,1.000000,4,0,python -m ppe.eval --config configs/eval/baseline_yolo11s_test.yaml,"Ultralytics val, conf 0.001, NMS IoU 0.7; P and R at the confidence maximising mean F1 on this same split (Ultralytics convention), not at the operating confidence"
p1_baseline_yolo11s_20261007T175332Z,2026-10-07,74dc92ae82,1,yolo11s,weights/best.pt@c3fc0bb3351b,fp32,cpu,construction-ppe,val,clean,no_boots,recall_ul,0.000000,4,0,python -m ppe.eval --config configs/eval/baseline_yolo11s_test.yaml,"Ultralytics val, conf 0.001, NMS IoU 0.7; P and R at the confidence maximising mean F1 on this same split (Ultralytics convention), not at the operating confidence"
p1_baseline_yolo11s_20261007T175332Z,2026-10-07,74dc92ae82,1,yolo11s,weights/best.pt@c3fc0bb3351b,fp32,cpu,construction-ppe,test,clean,all,map50,0.570157,1251,0,python -m ppe.eval --config configs/eval/baseline_yolo11s_test.yaml,"141 images; Ultralytics val, conf 0.001, NMS IoU 0.7; P and R at the confidence maximising mean F1 on this same split (Ultralytics convention), not at the operating confidence; golden=golden_v1 verified"
p1_baseline_yolo11s_20261007T175332Z,2026-10-07,74dc92ae82,1,yolo11s,weights/best.pt@c3fc0bb3351b,fp32,cpu,construction-ppe,test,clean,all,map50_95,0.290262,1251,0,python -m ppe.eval --config configs/eval/baseline_yolo11s_test.yaml,"141 images; Ultralytics val, conf 0.001, NMS IoU 0.7; P and R at the confidence maximising mean F1 on this same split (Ultralytics convention), not at the operating confidence; golden=golden_v1 verified"
p1_baseline_yolo11s_20261007T175332Z,2026-10-07,74dc92ae82,1,yolo11s,weights/best.pt@c3fc0bb3351b,fp32,cpu,construction-ppe,test,clean,all,precision_ul,0.635571,1251,0,python -m ppe.eval --config configs/eval/baseline_yolo11s_test.yaml,"Ultralytics val, conf 0.001, NMS IoU 0.7; P and R at the confidence maximising mean F1 on this same split (Ultralytics convention), not at the operating confidence; golden=golden_v1 verified"
p1_baseline_yolo11s_20261007T175332Z,2026-10-07,74dc92ae82,1,yolo11s,weights/best.pt@c3fc0bb3351b,fp32,cpu,construction-ppe,test,clean,all,recall_ul,0.545946,1251,0,python -m ppe.eval --config configs/eval/baseline_yolo11s_test.yaml,"Ultralytics val, conf 0.001, NMS IoU 0.7; P and R at the confidence maximising mean F1 on this same split (Ultralytics convention), not at the operating confidence; golden=golden_v1 verified"
p1_baseline_yolo11s_20261007T175332Z,2026-10-07,74dc92ae82,1,yolo11s,weights/best.pt@c3fc0bb3351b,fp32,cpu,construction-ppe,test,clean,helmet,map50,0.944660,192,0,python -m ppe.eval --config configs/eval/baseline_yolo11s_test.yaml,"Ultralytics val, conf 0.001, NMS IoU 0.7; P and R at the confidence maximising mean F1 on this same split (Ultralytics convention), not at the operating confidence; golden=golden_v1 verified"
p1_baseline_yolo11s_20261007T175332Z,2026-10-07,74dc92ae82,1,yolo11s,weights/best.pt@c3fc0bb3351b,fp32,cpu,construction-ppe,test,clean,helmet,map50_95,0.514563,192,0,python -m ppe.eval --config configs/eval/baseline_yolo11s_test.yaml,"Ultralytics val, conf 0.001, NMS IoU 0.7; P and R at the confidence maximising mean F1 on this same split (Ultralytics convention), not at the operating confidence; golden=golden_v1 verified"
p1_baseline_yolo11s_20261007T175332Z,2026-10-07,74dc92ae82,1,yolo11s,weights/best.pt@c3fc0bb3351b,fp32,cpu,construction-ppe,test,clean,helmet,precision_ul,0.953398,192,0,python -m ppe.eval --config configs/eval/baseline_yolo11s_test.yaml,"Ultralytics val, conf 0.001, NMS IoU 0.7; P and R at the confidence maximising mean F1 on this same split (Ultralytics convention), not at the operating confidence; golden=golden_v1 verified"
p1_baseline_yolo11s_20261007T175332Z,2026-10-07,74dc92ae82,1,yolo11s,weights/best.pt@c3fc0bb3351b,fp32,cpu,construction-ppe,test,clean,helmet,recall_ul,0.916667,192,0,python -m ppe.eval --config configs/eval/baseline_yolo11s_test.yaml,"Ultralytics val, conf 0.001, NMS IoU 0.7; P and R at the confidence maximising mean F1 on this same split (Ultralytics convention), not at the operating confidence; golden=golden_v1 verified"
p1_baseline_yolo11s_20261007T175332Z,2026-10-07,74dc92ae82,1,yolo11s,weights/best.pt@c3fc0bb3351b,fp32,cpu,construction-ppe,test,clean,gloves,map50,0.800971,163,0,python -m ppe.eval --config configs/eval/baseline_yolo11s_test.yaml,"Ultralytics val, conf 0.001, NMS IoU 0.7; P and R at the confidence maximising mean F1 on this same split (Ultralytics convention), not at the operating confidence; golden=golden_v1 verified"
p1_baseline_yolo11s_20261007T175332Z,2026-10-07,74dc92ae82,1,yolo11s,weights/best.pt@c3fc0bb3351b,fp32,cpu,construction-ppe,test,clean,gloves,map50_95,0.400750,163,0,python -m ppe.eval --config configs/eval/baseline_yolo11s_test.yaml,"Ultralytics val, conf 0.001, NMS IoU 0.7; P and R at the confidence maximising mean F1 on this same split (Ultralytics convention), not at the operating confidence; golden=golden_v1 verified"
p1_baseline_yolo11s_20261007T175332Z,2026-10-07,74dc92ae82,1,yolo11s,weights/best.pt@c3fc0bb3351b,fp32,cpu,construction-ppe,test,clean,gloves,precision_ul,0.905777,163,0,python -m ppe.eval --config configs/eval/baseline_yolo11s_test.yaml,"Ultralytics val, conf 0.001, NMS IoU 0.7; P and R at the confidence maximising mean F1 on this same split (Ultralytics convention), not at the operating confidence; golden=golden_v1 verified"
p1_baseline_yolo11s_20261007T175332Z,2026-10-07,74dc92ae82,1,yolo11s,weights/best.pt@c3fc0bb3351b,fp32,cpu,construction-ppe,test,clean,gloves,recall_ul,0.773006,163,0,python -m ppe.eval --config configs/eval/baseline_yolo11s_test.yaml,"Ultralytics val, conf 0.001, NMS IoU 0.7; P and R at the confidence maximising mean F1 on this same split (Ultralytics convention), not at the operating confidence; golden=golden_v1 verified"
p1_baseline_yolo11s_20261007T175332Z,2026-10-07,74dc92ae82,1,yolo11s,weights/best.pt@c3fc0bb3351b,fp32,cpu,construction-ppe,test,clean,vest,map50,0.911252,178,0,python -m ppe.eval --config configs/eval/baseline_yolo11s_test.yaml,"Ultralytics val, conf 0.001, NMS IoU 0.7; P and R at the confidence maximising mean F1 on this same split (Ultralytics convention), not at the operating confidence; golden=golden_v1 verified"
p1_baseline_yolo11s_20261007T175332Z,2026-10-07,74dc92ae82,1,yolo11s,weights/best.pt@c3fc0bb3351b,fp32,cpu,construction-ppe,test,clean,vest,map50_95,0.621163,178,0,python -m ppe.eval --config configs/eval/baseline_yolo11s_test.yaml,"Ultralytics val, conf 0.001, NMS IoU 0.7; P and R at the confidence maximising mean F1 on this same split (Ultralytics convention), not at the operating confidence; golden=golden_v1 verified"
p1_baseline_yolo11s_20261007T175332Z,2026-10-07,74dc92ae82,1,yolo11s,weights/best.pt@c3fc0bb3351b,fp32,cpu,construction-ppe,test,clean,vest,precision_ul,0.844304,178,0,python -m ppe.eval --config configs/eval/baseline_yolo11s_test.yaml,"Ultralytics val, conf 0.001, NMS IoU 0.7; P and R at the confidence maximising mean F1 on this same split (Ultralytics convention), not at the operating confidence; golden=golden_v1 verified"
p1_baseline_yolo11s_20261007T175332Z,2026-10-07,74dc92ae82,1,yolo11s,weights/best.pt@c3fc0bb3351b,fp32,cpu,construction-ppe,test,clean,vest,recall_ul,0.883489,178,0,python -m ppe.eval --config configs/eval/baseline_yolo11s_test.yaml,"Ultralytics val, conf 0.001, NMS IoU 0.7; P and R at the confidence maximising mean F1 on this same split (Ultralytics convention), not at the operating confidence; golden=golden_v1 verified"
p1_baseline_yolo11s_20261007T175332Z,2026-10-07,74dc92ae82,1,yolo11s,weights/best.pt@c3fc0bb3351b,fp32,cpu,construction-ppe,test,clean,boots,map50,0.735087,211,0,python -m ppe.eval --config configs/eval/baseline_yolo11s_test.yaml,"Ultralytics val, conf 0.001, NMS IoU 0.7; P and R at the confidence maximising mean F1 on this same split (Ultralytics convention), not at the operating confidence; golden=golden_v1 verified"
p1_baseline_yolo11s_20261007T175332Z,2026-10-07,74dc92ae82,1,yolo11s,weights/best.pt@c3fc0bb3351b,fp32,cpu,construction-ppe,test,clean,boots,map50_95,0.390214,211,0,python -m ppe.eval --config configs/eval/baseline_yolo11s_test.yaml,"Ultralytics val, conf 0.001, NMS IoU 0.7; P and R at the confidence maximising mean F1 on this same split (Ultralytics convention), not at the operating confidence; golden=golden_v1 verified"
p1_baseline_yolo11s_20261007T175332Z,2026-10-07,74dc92ae82,1,yolo11s,weights/best.pt@c3fc0bb3351b,fp32,cpu,construction-ppe,test,clean,boots,precision_ul,0.718253,211,0,python -m ppe.eval --config configs/eval/baseline_yolo11s_test.yaml,"Ultralytics val, conf 0.001, NMS IoU 0.7; P and R at the confidence maximising mean F1 on this same split (Ultralytics convention), not at the operating confidence; golden=golden_v1 verified"
p1_baseline_yolo11s_20261007T175332Z,2026-10-07,74dc92ae82,1,yolo11s,weights/best.pt@c3fc0bb3351b,fp32,cpu,construction-ppe,test,clean,boots,recall_ul,0.676592,211,0,python -m ppe.eval --config configs/eval/baseline_yolo11s_test.yaml,"Ultralytics val, conf 0.001, NMS IoU 0.7; P and R at the confidence maximising mean F1 on this same split (Ultralytics convention), not at the operating confidence; golden=golden_v1 verified"
p1_baseline_yolo11s_20261007T175332Z,2026-10-07,74dc92ae82,1,yolo11s,weights/best.pt@c3fc0bb3351b,fp32,cpu,construction-ppe,test,clean,goggles,map50,0.809488,52,0,python -m ppe.eval --config configs/eval/baseline_yolo11s_test.yaml,"Ultralytics val, conf 0.001, NMS IoU 0.7; P and R at the confidence maximising mean F1 on this same split (Ultralytics convention), not at the operating confidence; golden=golden_v1 verified"
p1_baseline_yolo11s_20261007T175332Z,2026-10-07,74dc92ae82,1,yolo11s,weights/best.pt@c3fc0bb3351b,fp32,cpu,construction-ppe,test,clean,goggles,map50_95,0.333991,52,0,python -m ppe.eval --config configs/eval/baseline_yolo11s_test.yaml,"Ultralytics val, conf 0.001, NMS IoU 0.7; P and R at the confidence maximising mean F1 on this same split (Ultralytics convention), not at the operating confidence; golden=golden_v1 verified"
p1_baseline_yolo11s_20261007T175332Z,2026-10-07,74dc92ae82,1,yolo11s,weights/best.pt@c3fc0bb3351b,fp32,cpu,construction-ppe,test,clean,goggles,precision_ul,0.826685,52,0,python -m ppe.eval --config configs/eval/baseline_yolo11s_test.yaml,"Ultralytics val, conf 0.001, NMS IoU 0.7; P and R at the confidence maximising mean F1 on this same split (Ultralytics convention), not at the operating confidence; golden=golden_v1 verified"
p1_baseline_yolo11s_20261007T175332Z,2026-10-07,74dc92ae82,1,yolo11s,weights/best.pt@c3fc0bb3351b,fp32,cpu,construction-ppe,test,clean,goggles,recall_ul,0.750000,52,0,python -m ppe.eval --config configs/eval/baseline_yolo11s_test.yaml,"Ultralytics val, conf 0.001, NMS IoU 0.7; P and R at the confidence maximising mean F1 on this same split (Ultralytics convention), not at the operating confidence; golden=golden_v1 verified"
p1_baseline_yolo11s_20261007T175332Z,2026-10-07,74dc92ae82,1,yolo11s,weights/best.pt@c3fc0bb3351b,fp32,cpu,construction-ppe,test,clean,none,map50,0.423721,65,0,python -m ppe.eval --config configs/eval/baseline_yolo11s_test.yaml,"Ultralytics val, conf 0.001, NMS IoU 0.7; P and R at the confidence maximising mean F1 on this same split (Ultralytics convention), not at the operating confidence; golden=golden_v1 verified"
p1_baseline_yolo11s_20261007T175332Z,2026-10-07,74dc92ae82,1,yolo11s,weights/best.pt@c3fc0bb3351b,fp32,cpu,construction-ppe,test,clean,none,map50_95,0.142206,65,0,python -m ppe.eval --config configs/eval/baseline_yolo11s_test.yaml,"Ultralytics val, conf 0.001, NMS IoU 0.7; P and R at the confidence maximising mean F1 on this same split (Ultralytics convention), not at the operating confidence; golden=golden_v1 verified"
p1_baseline_yolo11s_20261007T175332Z,2026-10-07,74dc92ae82,1,yolo11s,weights/best.pt@c3fc0bb3351b,fp32,cpu,construction-ppe,test,clean,none,precision_ul,0.468883,65,0,python -m ppe.eval --config configs/eval/baseline_yolo11s_test.yaml,"Ultralytics val, conf 0.001, NMS IoU 0.7; P and R at the confidence maximising mean F1 on this same split (Ultralytics convention), not at the operating confidence; golden=golden_v1 verified"
p1_baseline_yolo11s_20261007T175332Z,2026-10-07,74dc92ae82,1,yolo11s,weights/best.pt@c3fc0bb3351b,fp32,cpu,construction-ppe,test,clean,none,recall_ul,0.523077,65,0,python -m ppe.eval --config configs/eval/baseline_yolo11s_test.yaml,"Ultralytics val, conf 0.001, NMS IoU 0.7; P and R at the confidence maximising mean F1 on this same split (Ultralytics convention), not at the operating confidence; golden=golden_v1 verified"
p1_baseline_yolo11s_20261007T175332Z,2026-10-07,74dc92ae82,1,yolo11s,weights/best.pt@c3fc0bb3351b,fp32,cpu,construction-ppe,test,clean,person,map50,0.849960,236,0,python -m ppe.eval --config configs/eval/baseline_yolo11s_test.yaml,"Ultralytics val, conf 0.001, NMS IoU 0.7; P and R at the confidence maximising mean F1 on this same split (Ultralytics convention), not at the operating confidence; golden=golden_v1 verified"
p1_baseline_yolo11s_20261007T175332Z,2026-10-07,74dc92ae82,1,yolo11s,weights/best.pt@c3fc0bb3351b,fp32,cpu,construction-ppe,test,clean,person,map50_95,0.542493,236,0,python -m ppe.eval --config configs/eval/baseline_yolo11s_test.yaml,"Ultralytics val, conf 0.001, NMS IoU 0.7; P and R at the confidence maximising mean F1 on this same split (Ultralytics convention), not at the operating confidence; golden=golden_v1 verified"
p1_baseline_yolo11s_20261007T175332Z,2026-10-07,74dc92ae82,1,yolo11s,weights/best.pt@c3fc0bb3351b,fp32,cpu,construction-ppe,test,clean,person,precision_ul,0.836995,236,0,python -m ppe.eval --config configs/eval/baseline_yolo11s_test.yaml,"Ultralytics val, conf 0.001, NMS IoU 0.7; P and R at the confidence maximising mean F1 on this same split (Ultralytics convention), not at the operating confidence; golden=golden_v1 verified"
p1_baseline_yolo11s_20261007T175332Z,2026-10-07,74dc92ae82,1,yolo11s,weights/best.pt@c3fc0bb3351b,fp32,cpu,construction-ppe,test,clean,person,recall_ul,0.813559,236,0,python -m ppe.eval --config configs/eval/baseline_yolo11s_test.yaml,"Ultralytics val, conf 0.001, NMS IoU 0.7; P and R at the confidence maximising mean F1 on this same split (Ultralytics convention), not at the operating confidence; golden=golden_v1 verified"
p1_baseline_yolo11s_20261007T175332Z,2026-10-07,74dc92ae82,1,yolo11s,weights/best.pt@c3fc0bb3351b,fp32,cpu,construction-ppe,test,clean,no_helmet,map50,0.278326,40,0,python -m ppe.eval --config configs/eval/baseline_yolo11s_test.yaml,"Ultralytics val, conf 0.001, NMS IoU 0.7; P and R at the confidence maximising mean F1 on this same split (Ultralytics convention), not at the operating confidence; golden=golden_v1 verified"
p1_baseline_yolo11s_20261007T175332Z,2026-10-07,74dc92ae82,1,yolo11s,weights/best.pt@c3fc0bb3351b,fp32,cpu,construction-ppe,test,clean,no_helmet,map50_95,0.084880,40,0,python -m ppe.eval --config configs/eval/baseline_yolo11s_test.yaml,"Ultralytics val, conf 0.001, NMS IoU 0.7; P and R at the confidence maximising mean F1 on this same split (Ultralytics convention), not at the operating confidence; golden=golden_v1 verified"
p1_baseline_yolo11s_20261007T175332Z,2026-10-07,74dc92ae82,1,yolo11s,weights/best.pt@c3fc0bb3351b,fp32,cpu,construction-ppe,test,clean,no_helmet,precision_ul,0.437784,40,0,python -m ppe.eval --config configs/eval/baseline_yolo11s_test.yaml,"Ultralytics val, conf 0.001, NMS IoU 0.7; P and R at the confidence maximising mean F1 on this same split (Ultralytics convention), not at the operating confidence; golden=golden_v1 verified"
p1_baseline_yolo11s_20261007T175332Z,2026-10-07,74dc92ae82,1,yolo11s,weights/best.pt@c3fc0bb3351b,fp32,cpu,construction-ppe,test,clean,no_helmet,recall_ul,0.250000,40,0,python -m ppe.eval --config configs/eval/baseline_yolo11s_test.yaml,"Ultralytics val, conf 0.001, NMS IoU 0.7; P and R at the confidence maximising mean F1 on this same split (Ultralytics convention), not at the operating confidence; golden=golden_v1 verified"
p1_baseline_yolo11s_20261007T175332Z,2026-10-07,74dc92ae82,1,yolo11s,weights/best.pt@c3fc0bb3351b,fp32,cpu,construction-ppe,test,clean,no_goggle,map50,0.269706,33,0,python -m ppe.eval --config configs/eval/baseline_yolo11s_test.yaml,"Ultralytics val, conf 0.001, NMS IoU 0.7; P and R at the confidence maximising mean F1 on this same split (Ultralytics convention), not at the operating confidence; golden=golden_v1 verified"
p1_baseline_yolo11s_20261007T175332Z,2026-10-07,74dc92ae82,1,yolo11s,weights/best.pt@c3fc0bb3351b,fp32,cpu,construction-ppe,test,clean,no_goggle,map50_95,0.085714,33,0,python -m ppe.eval --config configs/eval/baseline_yolo11s_test.yaml,"Ultralytics val, conf 0.001, NMS IoU 0.7; P and R at the confidence maximising mean F1 on this same split (Ultralytics convention), not at the operating confidence; golden=golden_v1 verified"
p1_baseline_yolo11s_20261007T175332Z,2026-10-07,74dc92ae82,1,yolo11s,weights/best.pt@c3fc0bb3351b,fp32,cpu,construction-ppe,test,clean,no_goggle,precision_ul,0.540448,33,0,python -m ppe.eval --config configs/eval/baseline_yolo11s_test.yaml,"Ultralytics val, conf 0.001, NMS IoU 0.7; P and R at the confidence maximising mean F1 on this same split (Ultralytics convention), not at the operating confidence; golden=golden_v1 verified"
p1_baseline_yolo11s_20261007T175332Z,2026-10-07,74dc92ae82,1,yolo11s,weights/best.pt@c3fc0bb3351b,fp32,cpu,construction-ppe,test,clean,no_goggle,recall_ul,0.212121,33,0,python -m ppe.eval --config configs/eval/baseline_yolo11s_test.yaml,"Ultralytics val, conf 0.001, NMS IoU 0.7; P and R at the confidence maximising mean F1 on this same split (Ultralytics convention), not at the operating confidence; golden=golden_v1 verified"
p1_baseline_yolo11s_20261007T175332Z,2026-10-07,74dc92ae82,1,yolo11s,weights/best.pt@c3fc0bb3351b,fp32,cpu,construction-ppe,test,clean,no_gloves,map50,0.228509,58,0,python -m ppe.eval --config configs/eval/baseline_yolo11s_test.yaml,"Ultralytics val, conf 0.001, NMS IoU 0.7; P and R at the confidence maximising mean F1 on this same split (Ultralytics convention), not at the operating confidence; golden=golden_v1 verified"
p1_baseline_yolo11s_20261007T175332Z,2026-10-07,74dc92ae82,1,yolo11s,weights/best.pt@c3fc0bb3351b,fp32,cpu,construction-ppe,test,clean,no_gloves,map50_95,0.070170,58,0,python -m ppe.eval --config configs/eval/baseline_yolo11s_test.yaml,"Ultralytics val, conf 0.001, NMS IoU 0.7; P and R at the confidence maximising mean F1 on this same split (Ultralytics convention), not at the operating confidence; golden=golden_v1 verified"
p1_baseline_yolo11s_20261007T175332Z,2026-10-07,74dc92ae82,1,yolo11s,weights/best.pt@c3fc0bb3351b,fp32,cpu,construction-ppe,test,clean,no_gloves,precision_ul,0.458753,58,0,python -m ppe.eval --config configs/eval/baseline_yolo11s_test.yaml,"Ultralytics val, conf 0.001, NMS IoU 0.7; P and R at the confidence maximising mean F1 on this same split (Ultralytics convention), not at the operating confidence; golden=golden_v1 verified"
p1_baseline_yolo11s_20261007T175332Z,2026-10-07,74dc92ae82,1,yolo11s,weights/best.pt@c3fc0bb3351b,fp32,cpu,construction-ppe,test,clean,no_gloves,recall_ul,0.206897,58,0,python -m ppe.eval --config configs/eval/baseline_yolo11s_test.yaml,"Ultralytics val, conf 0.001, NMS IoU 0.7; P and R at the confidence maximising mean F1 on this same split (Ultralytics convention), not at the operating confidence; golden=golden_v1 verified"
p1_baseline_yolo11s_20261007T175332Z,2026-10-07,74dc92ae82,1,yolo11s,weights/best.pt@c3fc0bb3351b,fp32,cpu,construction-ppe,test,clean,no_boots,map50,0.020046,23,0,python -m ppe.eval --config configs/eval/baseline_yolo11s_test.yaml,"Ultralytics val, conf 0.001, NMS IoU 0.7; P and R at the confidence maximising mean F1 on this same split (Ultralytics convention), not at the operating confidence; golden=golden_v1 verified"
p1_baseline_yolo11s_20261007T175332Z,2026-10-07,74dc92ae82,1,yolo11s,weights/best.pt@c3fc0bb3351b,fp32,cpu,construction-ppe,test,clean,no_boots,map50_95,0.006740,23,0,python -m ppe.eval --config configs/eval/baseline_yolo11s_test.yaml,"Ultralytics val, conf 0.001, NMS IoU 0.7; P and R at the confidence maximising mean F1 on this same split (Ultralytics convention), not at the operating confidence; golden=golden_v1 verified"
p1_baseline_yolo11s_20261007T175332Z,2026-10-07,74dc92ae82,1,yolo11s,weights/best.pt@c3fc0bb3351b,fp32,cpu,construction-ppe,test,clean,no_boots,precision_ul,0.000000,23,0,python -m ppe.eval --config configs/eval/baseline_yolo11s_test.yaml,"Ultralytics val, conf 0.001, NMS IoU 0.7; P and R at the confidence maximising mean F1 on this same split (Ultralytics convention), not at the operating confidence; golden=golden_v1 verified"
p1_baseline_yolo11s_20261007T175332Z,2026-10-07,74dc92ae82,1,yolo11s,weights/best.pt@c3fc0bb3351b,fp32,cpu,construction-ppe,test,clean,no_boots,recall_ul,0.000000,23,0,python -m ppe.eval --config configs/eval/baseline_yolo11s_test.yaml,"Ultralytics val, conf 0.001, NMS IoU 0.7; P and R at the confidence maximising mean F1 on this same split (Ultralytics convention), not at the operating confidence; golden=golden_v1 verified"
p1_baseline_yolo11s_20261007T175332Z,2026-10-07,74dc92ae82,1,yolo11s,weights/best.pt@c3fc0bb3351b,fp32,cpu,construction-ppe,val,clean,all,operating_conf,0.280000,1172,0,python -m ppe.eval --config configs/eval/baseline_yolo11s_test.yaml,argmax over conf 0.05..0.95 step 0.01 of macro F1 over classes at IoU 0.5; macro F1 at it = 0.6425. Chosen on val only.
p1_baseline_yolo11s_20261007T175332Z,2026-10-07,74dc92ae82,1,yolo11s,weights/best.pt@c3fc0bb3351b,fp32,cpu,construction-ppe,val,clean,helmet,precision,0.873684,201,0,python -m ppe.eval --config configs/eval/baseline_yolo11s_test.yaml,"deployed predict path, conf >= 0.28 (chosen on val), match IoU 0.5; tp=166 fp=24 fn=35"
p1_baseline_yolo11s_20261007T175332Z,2026-10-07,74dc92ae82,1,yolo11s,weights/best.pt@c3fc0bb3351b,fp32,cpu,construction-ppe,val,clean,helmet,recall,0.825871,201,0,python -m ppe.eval --config configs/eval/baseline_yolo11s_test.yaml,"deployed predict path, conf >= 0.28 (chosen on val), match IoU 0.5; tp=166 fp=24 fn=35"
p1_baseline_yolo11s_20261007T175332Z,2026-10-07,74dc92ae82,1,yolo11s,weights/best.pt@c3fc0bb3351b,fp32,cpu,construction-ppe,val,clean,helmet,f1,0.849105,201,0,python -m ppe.eval --config configs/eval/baseline_yolo11s_test.yaml,"deployed predict path, conf >= 0.28 (chosen on val), match IoU 0.5; tp=166 fp=24 fn=35"
p1_baseline_yolo11s_20261007T175332Z,2026-10-07,74dc92ae82,1,yolo11s,weights/best.pt@c3fc0bb3351b,fp32,cpu,construction-ppe,val,clean,helmet,ap50_predict,0.837877,201,0,python -m ppe.eval --config configs/eval/baseline_yolo11s_test.yaml,AP@0.5 recomputed from the predict path (cross-check of Ultralytics map50)
p1_baseline_yolo11s_20261007T175332Z,2026-10-07,74dc92ae82,1,yolo11s,weights/best.pt@c3fc0bb3351b,fp32,cpu,construction-ppe,val,clean,gloves,precision,0.811024,136,0,python -m ppe.eval --config configs/eval/baseline_yolo11s_test.yaml,"deployed predict path, conf >= 0.28 (chosen on val), match IoU 0.5; tp=103 fp=24 fn=33"
p1_baseline_yolo11s_20261007T175332Z,2026-10-07,74dc92ae82,1,yolo11s,weights/best.pt@c3fc0bb3351b,fp32,cpu,construction-ppe,val,clean,gloves,recall,0.757353,136,0,python -m ppe.eval --config configs/eval/baseline_yolo11s_test.yaml,"deployed predict path, conf >= 0.28 (chosen on val), match IoU 0.5; tp=103 fp=24 fn=33"
p1_baseline_yolo11s_20261007T175332Z,2026-10-07,74dc92ae82,1,yolo11s,weights/best.pt@c3fc0bb3351b,fp32,cpu,construction-ppe,val,clean,gloves,f1,0.783270,136,0,python -m ppe.eval --config configs/eval/baseline_yolo11s_test.yaml,"deployed predict path, conf >= 0.28 (chosen on val), match IoU 0.5; tp=103 fp=24 fn=33"
p1_baseline_yolo11s_20261007T175332Z,2026-10-07,74dc92ae82,1,yolo11s,weights/best.pt@c3fc0bb3351b,fp32,cpu,construction-ppe,val,clean,gloves,ap50_predict,0.812731,136,0,python -m ppe.eval --config configs/eval/baseline_yolo11s_test.yaml,AP@0.5 recomputed from the predict path (cross-check of Ultralytics map50)
p1_baseline_yolo11s_20261007T175332Z,2026-10-07,74dc92ae82,1,yolo11s,weights/best.pt@c3fc0bb3351b,fp32,cpu,construction-ppe,val,clean,vest,precision,0.847561,171,0,python -m ppe.eval --config configs/eval/baseline_yolo11s_test.yaml,"deployed predict path, conf >= 0.28 (chosen on val), match IoU 0.5; tp=139 fp=25 fn=32"
p1_baseline_yolo11s_20261007T175332Z,2026-10-07,74dc92ae82,1,yolo11s,weights/best.pt@c3fc0bb3351b,fp32,cpu,construction-ppe,val,clean,vest,recall,0.812865,171,0,python -m ppe.eval --config configs/eval/baseline_yolo11s_test.yaml,"deployed predict path, conf >= 0.28 (chosen on val), match IoU 0.5; tp=139 fp=25 fn=32"
p1_baseline_yolo11s_20261007T175332Z,2026-10-07,74dc92ae82,1,yolo11s,weights/best.pt@c3fc0bb3351b,fp32,cpu,construction-ppe,val,clean,vest,f1,0.829851,171,0,python -m ppe.eval --config configs/eval/baseline_yolo11s_test.yaml,"deployed predict path, conf >= 0.28 (chosen on val), match IoU 0.5; tp=139 fp=25 fn=32"
p1_baseline_yolo11s_20261007T175332Z,2026-10-07,74dc92ae82,1,yolo11s,weights/best.pt@c3fc0bb3351b,fp32,cpu,construction-ppe,val,clean,vest,ap50_predict,0.865762,171,0,python -m ppe.eval --config configs/eval/baseline_yolo11s_test.yaml,AP@0.5 recomputed from the predict path (cross-check of Ultralytics map50)
p1_baseline_yolo11s_20261007T175332Z,2026-10-07,74dc92ae82,1,yolo11s,weights/best.pt@c3fc0bb3351b,fp32,cpu,construction-ppe,val,clean,boots,precision,0.766667,151,0,python -m ppe.eval --config configs/eval/baseline_yolo11s_test.yaml,"deployed predict path, conf >= 0.28 (chosen on val), match IoU 0.5; tp=115 fp=35 fn=36"
p1_baseline_yolo11s_20261007T175332Z,2026-10-07,74dc92ae82,1,yolo11s,weights/best.pt@c3fc0bb3351b,fp32,cpu,construction-ppe,val,clean,boots,recall,0.761589,151,0,python -m ppe.eval --config configs/eval/baseline_yolo11s_test.yaml,"deployed predict path, conf >= 0.28 (chosen on val), match IoU 0.5; tp=115 fp=35 fn=36"
p1_baseline_yolo11s_20261007T175332Z,2026-10-07,74dc92ae82,1,yolo11s,weights/best.pt@c3fc0bb3351b,fp32,cpu,construction-ppe,val,clean,boots,f1,0.764120,151,0,python -m ppe.eval --config configs/eval/baseline_yolo11s_test.yaml,"deployed predict path, conf >= 0.28 (chosen on val), match IoU 0.5; tp=115 fp=35 fn=36"
p1_baseline_yolo11s_20261007T175332Z,2026-10-07,74dc92ae82,1,yolo11s,weights/best.pt@c3fc0bb3351b,fp32,cpu,construction-ppe,val,clean,boots,ap50_predict,0.783694,151,0,python -m ppe.eval --config configs/eval/baseline_yolo11s_test.yaml,AP@0.5 recomputed from the predict path (cross-check of Ultralytics map50)
p1_baseline_yolo11s_20261007T175332Z,2026-10-07,74dc92ae82,1,yolo11s,weights/best.pt@c3fc0bb3351b,fp32,cpu,construction-ppe,val,clean,goggles,precision,0.860465,47,0,python -m ppe.eval --config configs/eval/baseline_yolo11s_test.yaml,"deployed predict path, conf >= 0.28 (chosen on val), match IoU 0.5; tp=37 fp=6 fn=10"
p1_baseline_yolo11s_20261007T175332Z,2026-10-07,74dc92ae82,1,yolo11s,weights/best.pt@c3fc0bb3351b,fp32,cpu,construction-ppe,val,clean,goggles,recall,0.787234,47,0,python -m ppe.eval --config configs/eval/baseline_yolo11s_test.yaml,"deployed predict path, conf >= 0.28 (chosen on val), match IoU 0.5; tp=37 fp=6 fn=10"
p1_baseline_yolo11s_20261007T175332Z,2026-10-07,74dc92ae82,1,yolo11s,weights/best.pt@c3fc0bb3351b,fp32,cpu,construction-ppe,val,clean,goggles,f1,0.822222,47,0,python -m ppe.eval --config configs/eval/baseline_yolo11s_test.yaml,"deployed predict path, conf >= 0.28 (chosen on val), match IoU 0.5; tp=37 fp=6 fn=10"
p1_baseline_yolo11s_20261007T175332Z,2026-10-07,74dc92ae82,1,yolo11s,weights/best.pt@c3fc0bb3351b,fp32,cpu,construction-ppe,val,clean,goggles,ap50_predict,0.797124,47,0,python -m ppe.eval --config configs/eval/baseline_yolo11s_test.yaml,AP@0.5 recomputed from the predict path (cross-check of Ultralytics map50)
p1_baseline_yolo11s_20261007T175332Z,2026-10-07,74dc92ae82,1,yolo11s,weights/best.pt@c3fc0bb3351b,fp32,cpu,construction-ppe,val,clean,none,precision,0.597561,81,0,python -m ppe.eval --config configs/eval/baseline_yolo11s_test.yaml,"deployed predict path, conf >= 0.28 (chosen on val), match IoU 0.5; tp=49 fp=33 fn=32"
p1_baseline_yolo11s_20261007T175332Z,2026-10-07,74dc92ae82,1,yolo11s,weights/best.pt@c3fc0bb3351b,fp32,cpu,construction-ppe,val,clean,none,recall,0.604938,81,0,python -m ppe.eval --config configs/eval/baseline_yolo11s_test.yaml,"deployed predict path, conf >= 0.28 (chosen on val), match IoU 0.5; tp=49 fp=33 fn=32"
p1_baseline_yolo11s_20261007T175332Z,2026-10-07,74dc92ae82,1,yolo11s,weights/best.pt@c3fc0bb3351b,fp32,cpu,construction-ppe,val,clean,none,f1,0.601227,81,0,python -m ppe.eval --config configs/eval/baseline_yolo11s_test.yaml,"deployed predict path, conf >= 0.28 (chosen on val), match IoU 0.5; tp=49 fp=33 fn=32"
p1_baseline_yolo11s_20261007T175332Z,2026-10-07,74dc92ae82,1,yolo11s,weights/best.pt@c3fc0bb3351b,fp32,cpu,construction-ppe,val,clean,none,ap50_predict,0.624369,81,0,python -m ppe.eval --config configs/eval/baseline_yolo11s_test.yaml,AP@0.5 recomputed from the predict path (cross-check of Ultralytics map50)
p1_baseline_yolo11s_20261007T175332Z,2026-10-07,74dc92ae82,1,yolo11s,weights/best.pt@c3fc0bb3351b,fp32,cpu,construction-ppe,val,clean,person,precision,0.868000,239,0,python -m ppe.eval --config configs/eval/baseline_yolo11s_test.yaml,"deployed predict path, conf >= 0.28 (chosen on val), match IoU 0.5; tp=217 fp=33 fn=22"
p1_baseline_yolo11s_20261007T175332Z,2026-10-07,74dc92ae82,1,yolo11s,weights/best.pt@c3fc0bb3351b,fp32,cpu,construction-ppe,val,clean,person,recall,0.907950,239,0,python -m ppe.eval --config configs/eval/baseline_yolo11s_test.yaml,"deployed predict path, conf >= 0.28 (chosen on val), match IoU 0.5; tp=217 fp=33 fn=22"
p1_baseline_yolo11s_20261007T175332Z,2026-10-07,74dc92ae82,1,yolo11s,weights/best.pt@c3fc0bb3351b,fp32,cpu,construction-ppe,val,clean,person,f1,0.887526,239,0,python -m ppe.eval --config configs/eval/baseline_yolo11s_test.yaml,"deployed predict path, conf >= 0.28 (chosen on val), match IoU 0.5; tp=217 fp=33 fn=22"
p1_baseline_yolo11s_20261007T175332Z,2026-10-07,74dc92ae82,1,yolo11s,weights/best.pt@c3fc0bb3351b,fp32,cpu,construction-ppe,val,clean,person,ap50_predict,0.928412,239,0,python -m ppe.eval --config configs/eval/baseline_yolo11s_test.yaml,AP@0.5 recomputed from the predict path (cross-check of Ultralytics map50)
p1_baseline_yolo11s_20261007T175332Z,2026-10-07,74dc92ae82,1,yolo11s,weights/best.pt@c3fc0bb3351b,fp32,cpu,construction-ppe,val,clean,no_helmet,precision,0.511628,45,0,python -m ppe.eval --config configs/eval/baseline_yolo11s_test.yaml,"deployed predict path, conf >= 0.28 (chosen on val), match IoU 0.5; tp=22 fp=21 fn=23"
p1_baseline_yolo11s_20261007T175332Z,2026-10-07,74dc92ae82,1,yolo11s,weights/best.pt@c3fc0bb3351b,fp32,cpu,construction-ppe,val,clean,no_helmet,recall,0.488889,45,0,python -m ppe.eval --config configs/eval/baseline_yolo11s_test.yaml,"deployed predict path, conf >= 0.28 (chosen on val), match IoU 0.5; tp=22 fp=21 fn=23"
p1_baseline_yolo11s_20261007T175332Z,2026-10-07,74dc92ae82,1,yolo11s,weights/best.pt@c3fc0bb3351b,fp32,cpu,construction-ppe,val,clean,no_helmet,f1,0.500000,45,0,python -m ppe.eval --config configs/eval/baseline_yolo11s_test.yaml,"deployed predict path, conf >= 0.28 (chosen on val), match IoU 0.5; tp=22 fp=21 fn=23"
p1_baseline_yolo11s_20261007T175332Z,2026-10-07,74dc92ae82,1,yolo11s,weights/best.pt@c3fc0bb3351b,fp32,cpu,construction-ppe,val,clean,no_helmet,ap50_predict,0.504260,45,0,python -m ppe.eval --config configs/eval/baseline_yolo11s_test.yaml,AP@0.5 recomputed from the predict path (cross-check of Ultralytics map50)
p1_baseline_yolo11s_20261007T175332Z,2026-10-07,74dc92ae82,1,yolo11s,weights/best.pt@c3fc0bb3351b,fp32,cpu,construction-ppe,val,clean,no_goggle,precision,0.562500,41,0,python -m ppe.eval --config configs/eval/baseline_yolo11s_test.yaml,"deployed predict path, conf >= 0.28 (chosen on val), match IoU 0.5; tp=9 fp=7 fn=32"
p1_baseline_yolo11s_20261007T175332Z,2026-10-07,74dc92ae82,1,yolo11s,weights/best.pt@c3fc0bb3351b,fp32,cpu,construction-ppe,val,clean,no_goggle,recall,0.219512,41,0,python -m ppe.eval --config configs/eval/baseline_yolo11s_test.yaml,"deployed predict path, conf >= 0.28 (chosen on val), match IoU 0.5; tp=9 fp=7 fn=32"
p1_baseline_yolo11s_20261007T175332Z,2026-10-07,74dc92ae82,1,yolo11s,weights/best.pt@c3fc0bb3351b,fp32,cpu,construction-ppe,val,clean,no_goggle,f1,0.315789,41,0,python -m ppe.eval --config configs/eval/baseline_yolo11s_test.yaml,"deployed predict path, conf >= 0.28 (chosen on val), match IoU 0.5; tp=9 fp=7 fn=32"
p1_baseline_yolo11s_20261007T175332Z,2026-10-07,74dc92ae82,1,yolo11s,weights/best.pt@c3fc0bb3351b,fp32,cpu,construction-ppe,val,clean,no_goggle,ap50_predict,0.247302,41,0,python -m ppe.eval --config configs/eval/baseline_yolo11s_test.yaml,AP@0.5 recomputed from the predict path (cross-check of Ultralytics map50)
p1_baseline_yolo11s_20261007T175332Z,2026-10-07,74dc92ae82,1,yolo11s,weights/best.pt@c3fc0bb3351b,fp32,cpu,construction-ppe,val,clean,no_gloves,precision,0.500000,56,0,python -m ppe.eval --config configs/eval/baseline_yolo11s_test.yaml,"deployed predict path, conf >= 0.28 (chosen on val), match IoU 0.5; tp=21 fp=21 fn=35"
p1_baseline_yolo11s_20261007T175332Z,2026-10-07,74dc92ae82,1,yolo11s,weights/best.pt@c3fc0bb3351b,fp32,cpu,construction-ppe,val,clean,no_gloves,recall,0.375000,56,0,python -m ppe.eval --config configs/eval/baseline_yolo11s_test.yaml,"deployed predict path, conf >= 0.28 (chosen on val), match IoU 0.5; tp=21 fp=21 fn=35"
p1_baseline_yolo11s_20261007T175332Z,2026-10-07,74dc92ae82,1,yolo11s,weights/best.pt@c3fc0bb3351b,fp32,cpu,construction-ppe,val,clean,no_gloves,f1,0.428571,56,0,python -m ppe.eval --config configs/eval/baseline_yolo11s_test.yaml,"deployed predict path, conf >= 0.28 (chosen on val), match IoU 0.5; tp=21 fp=21 fn=35"
p1_baseline_yolo11s_20261007T175332Z,2026-10-07,74dc92ae82,1,yolo11s,weights/best.pt@c3fc0bb3351b,fp32,cpu,construction-ppe,val,clean,no_gloves,ap50_predict,0.356490,56,0,python -m ppe.eval --config configs/eval/baseline_yolo11s_test.yaml,AP@0.5 recomputed from the predict path (cross-check of Ultralytics map50)
p1_baseline_yolo11s_20261007T175332Z,2026-10-07,74dc92ae82,1,yolo11s,weights/best.pt@c3fc0bb3351b,fp32,cpu,construction-ppe,val,clean,no_boots,precision,0.333333,4,0,python -m ppe.eval --config configs/eval/baseline_yolo11s_test.yaml,"deployed predict path, conf >= 0.28 (chosen on val), match IoU 0.5; tp=1 fp=2 fn=3"
p1_baseline_yolo11s_20261007T175332Z,2026-10-07,74dc92ae82,1,yolo11s,weights/best.pt@c3fc0bb3351b,fp32,cpu,construction-ppe,val,clean,no_boots,recall,0.250000,4,0,python -m ppe.eval --config configs/eval/baseline_yolo11s_test.yaml,"deployed predict path, conf >= 0.28 (chosen on val), match IoU 0.5; tp=1 fp=2 fn=3"
p1_baseline_yolo11s_20261007T175332Z,2026-10-07,74dc92ae82,1,yolo11s,weights/best.pt@c3fc0bb3351b,fp32,cpu,construction-ppe,val,clean,no_boots,f1,0.285714,4,0,python -m ppe.eval --config configs/eval/baseline_yolo11s_test.yaml,"deployed predict path, conf >= 0.28 (chosen on val), match IoU 0.5; tp=1 fp=2 fn=3"
p1_baseline_yolo11s_20261007T175332Z,2026-10-07,74dc92ae82,1,yolo11s,weights/best.pt@c3fc0bb3351b,fp32,cpu,construction-ppe,val,clean,no_boots,ap50_predict,0.199037,4,0,python -m ppe.eval --config configs/eval/baseline_yolo11s_test.yaml,AP@0.5 recomputed from the predict path (cross-check of Ultralytics map50)
p1_baseline_yolo11s_20261007T175332Z,2026-10-07,74dc92ae82,1,yolo11s,weights/best.pt@c3fc0bb3351b,fp32,cpu,construction-ppe,val,clean,all,precision,0.791892,1172,0,python -m ppe.eval --config configs/eval/baseline_yolo11s_test.yaml,"deployed predict path, conf >= 0.28 (chosen on val), match IoU 0.5; micro over classes"
p1_baseline_yolo11s_20261007T175332Z,2026-10-07,74dc92ae82,1,yolo11s,weights/best.pt@c3fc0bb3351b,fp32,cpu,construction-ppe,val,clean,all,recall,0.750000,1172,0,python -m ppe.eval --config configs/eval/baseline_yolo11s_test.yaml,"deployed predict path, conf >= 0.28 (chosen on val), match IoU 0.5; micro over classes"
p1_baseline_yolo11s_20261007T175332Z,2026-10-07,74dc92ae82,1,yolo11s,weights/best.pt@c3fc0bb3351b,fp32,cpu,construction-ppe,val,clean,all,macro_f1,0.642490,1172,0,python -m ppe.eval --config configs/eval/baseline_yolo11s_test.yaml,"deployed predict path, conf >= 0.28 (chosen on val), match IoU 0.5"
p1_baseline_yolo11s_20261007T175332Z,2026-10-07,74dc92ae82,1,yolo11s,weights/best.pt@c3fc0bb3351b,fp32,cpu,construction-ppe,val,clean,violation_classes,macro_recall,0.333350,146,0,python -m ppe.eval --config configs/eval/baseline_yolo11s_test.yaml,"deployed predict path, conf >= 0.28 (chosen on val), match IoU 0.5; unweighted mean of no_helmet, no_goggle, no_gloves, no_boots box recall"
p1_baseline_yolo11s_20261007T175332Z,2026-10-07,74dc92ae82,1,yolo11s,weights/best.pt@c3fc0bb3351b,fp32,cpu,construction-ppe,val,clean,person_any_violation,violation_recall,0.829787,47,0,python -m ppe.eval --config configs/eval/baseline_yolo11s_test.yaml,"deployed predict path, conf >= 0.28 (chosen on val), match IoU 0.5; per labelled person; 239 labelled persons, 22 not detected; 5 labelled no_* boxes outside every labelled person are not counted; flagged 39 of 47 labelled violators for any item (an alert for the person, not necessarily the right item)"
p1_baseline_yolo11s_20261007T175332Z,2026-10-07,74dc92ae82,1,yolo11s,weights/best.pt@c3fc0bb3351b,fp32,cpu,construction-ppe,val,clean,person_any_violation,false_alert_rate,0.093023,43,0,python -m ppe.eval --config configs/eval/baseline_yolo11s_test.yaml,"deployed predict path, conf >= 0.28 (chosen on val), match IoU 0.5; per labelled person; 239 labelled persons, 22 not detected; 5 labelled no_* boxes outside every labelled person are not counted; share of 43 predicted violation flags that do not match a labelled violation of the same item (1 - alert precision)"
p1_baseline_yolo11s_20261007T175332Z,2026-10-07,74dc92ae82,1,yolo11s,weights/best.pt@c3fc0bb3351b,fp32,cpu,construction-ppe,val,clean,person_no_helmet,violation_recall,0.711111,45,0,python -m ppe.eval --config configs/eval/baseline_yolo11s_test.yaml,"deployed predict path, conf >= 0.28 (chosen on val), match IoU 0.5; per labelled person; 239 labelled persons, 22 not detected; 5 labelled no_* boxes outside every labelled person are not counted; flagged 32 of 45 labelled violators for this item; the no_* box itself needs no IoU match, only the person"
p1_baseline_yolo11s_20261007T175332Z,2026-10-07,74dc92ae82,1,yolo11s,weights/best.pt@c3fc0bb3351b,fp32,cpu,construction-ppe,val,clean,person_no_helmet,false_alert_rate,0.111111,36,0,python -m ppe.eval --config configs/eval/baseline_yolo11s_test.yaml,"deployed predict path, conf >= 0.28 (chosen on val), match IoU 0.5; per labelled person; 239 labelled persons, 22 not detected; 5 labelled no_* boxes outside every labelled person are not counted; share of 36 predicted violation flags that do not match a labelled violation of the same item (1 - alert precision)"
p1_baseline_yolo11s_20261007T175332Z,2026-10-07,74dc92ae82,1,yolo11s,weights/best.pt@c3fc0bb3351b,fp32,cpu,construction-ppe,val,clean,person_no_gloves,violation_recall,0.545455,33,0,python -m ppe.eval --config configs/eval/baseline_yolo11s_test.yaml,"deployed predict path, conf >= 0.28 (chosen on val), match IoU 0.5; per labelled person; 239 labelled persons, 22 not detected; 5 labelled no_* boxes outside every labelled person are not counted; flagged 18 of 33 labelled violators for this item; the no_* box itself needs no IoU match, only the person"
p1_baseline_yolo11s_20261007T175332Z,2026-10-07,74dc92ae82,1,yolo11s,weights/best.pt@c3fc0bb3351b,fp32,cpu,construction-ppe,val,clean,person_no_gloves,false_alert_rate,0.217391,23,0,python -m ppe.eval --config configs/eval/baseline_yolo11s_test.yaml,"deployed predict path, conf >= 0.28 (chosen on val), match IoU 0.5; per labelled person; 239 labelled persons, 22 not detected; 5 labelled no_* boxes outside every labelled person are not counted; share of 23 predicted violation flags that do not match a labelled violation of the same item (1 - alert precision)"
p1_baseline_yolo11s_20261007T175332Z,2026-10-07,74dc92ae82,1,yolo11s,weights/best.pt@c3fc0bb3351b,fp32,cpu,construction-ppe,val,clean,person_no_boots,violation_recall,0.500000,2,0,python -m ppe.eval --config configs/eval/baseline_yolo11s_test.yaml,"deployed predict path, conf >= 0.28 (chosen on val), match IoU 0.5; per labelled person; 239 labelled persons, 22 not detected; 5 labelled no_* boxes outside every labelled person are not counted; flagged 1 of 2 labelled violators for this item; the no_* box itself needs no IoU match, only the person"
p1_baseline_yolo11s_20261007T175332Z,2026-10-07,74dc92ae82,1,yolo11s,weights/best.pt@c3fc0bb3351b,fp32,cpu,construction-ppe,val,clean,person_no_boots,false_alert_rate,0.500000,2,0,python -m ppe.eval --config configs/eval/baseline_yolo11s_test.yaml,"deployed predict path, conf >= 0.28 (chosen on val), match IoU 0.5; per labelled person; 239 labelled persons, 22 not detected; 5 labelled no_* boxes outside every labelled person are not counted; share of 2 predicted violation flags that do not match a labelled violation of the same item (1 - alert precision)"
p1_baseline_yolo11s_20261007T175332Z,2026-10-07,74dc92ae82,1,yolo11s,weights/best.pt@c3fc0bb3351b,fp32,cpu,construction-ppe,val,clean,person_no_goggle,violation_recall,0.317073,41,0,python -m ppe.eval --config configs/eval/baseline_yolo11s_test.yaml,"deployed predict path, conf >= 0.28 (chosen on val), match IoU 0.5; per labelled person; 239 labelled persons, 22 not detected; 5 labelled no_* boxes outside every labelled person are not counted; flagged 13 of 41 labelled violators for this item; the no_* box itself needs no IoU match, only the person"
p1_baseline_yolo11s_20261007T175332Z,2026-10-07,74dc92ae82,1,yolo11s,weights/best.pt@c3fc0bb3351b,fp32,cpu,construction-ppe,val,clean,person_no_goggle,false_alert_rate,0.000000,13,0,python -m ppe.eval --config configs/eval/baseline_yolo11s_test.yaml,"deployed predict path, conf >= 0.28 (chosen on val), match IoU 0.5; per labelled person; 239 labelled persons, 22 not detected; 5 labelled no_* boxes outside every labelled person are not counted; share of 13 predicted violation flags that do not match a labelled violation of the same item (1 - alert precision)"
p1_baseline_yolo11s_20261007T175332Z,2026-10-07,74dc92ae82,1,yolo11s,weights/best.pt@c3fc0bb3351b,fp32,cpu,construction-ppe,val,clean,person_any_violation,nonviolator_flag_rate,0.005208,192,0,python -m ppe.eval --config configs/eval/baseline_yolo11s_test.yaml,"deployed predict path, conf >= 0.28 (chosen on val), match IoU 0.5; per labelled person; 239 labelled persons, 22 not detected; 5 labelled no_* boxes outside every labelled person are not counted; labelled persons with no violation who were flagged for any item"
p1_baseline_yolo11s_20261007T175332Z,2026-10-07,74dc92ae82,1,yolo11s,weights/best.pt@c3fc0bb3351b,fp32,cpu,construction-ppe,val,clean,all,ap50_predict,0.632460,1172,0,python -m ppe.eval --config configs/eval/baseline_yolo11s_test.yaml,macro AP@0.5 from the predict path; compare with map50
p1_baseline_yolo11s_20261007T175332Z,2026-10-07,74dc92ae82,1,yolo11s,weights/best.pt@c3fc0bb3351b,fp32,cpu,construction-ppe,val,clean,all,ap50_predict_ci95_low,0.589773,143,0,python -m ppe.eval --config configs/eval/baseline_yolo11s_test.yaml,"95% percentile interval, 1000 bootstrap resamples of the 143 images, seed 0"
p1_baseline_yolo11s_20261007T175332Z,2026-10-07,74dc92ae82,1,yolo11s,weights/best.pt@c3fc0bb3351b,fp32,cpu,construction-ppe,val,clean,all,ap50_predict_ci95_high,0.705771,143,0,python -m ppe.eval --config configs/eval/baseline_yolo11s_test.yaml,"95% percentile interval, 1000 bootstrap resamples of the 143 images, seed 0"
p1_baseline_yolo11s_20261007T175332Z,2026-10-07,74dc92ae82,1,yolo11s,weights/best.pt@c3fc0bb3351b,fp32,cpu,construction-ppe,val,clean,no_boots,recall_ci95_low,0.000000,143,0,python -m ppe.eval --config configs/eval/baseline_yolo11s_test.yaml,"95% percentile interval, 1000 bootstrap resamples of the 143 images, seed 0"
p1_baseline_yolo11s_20261007T175332Z,2026-10-07,74dc92ae82,1,yolo11s,weights/best.pt@c3fc0bb3351b,fp32,cpu,construction-ppe,val,clean,no_boots,recall_ci95_high,0.500000,143,0,python -m ppe.eval --config configs/eval/baseline_yolo11s_test.yaml,"95% percentile interval, 1000 bootstrap resamples of the 143 images, seed 0"
p1_baseline_yolo11s_20261007T175332Z,2026-10-07,74dc92ae82,1,yolo11s,weights/best.pt@c3fc0bb3351b,fp32,cpu,construction-ppe,val,clean,no_gloves,recall_ci95_low,0.235271,143,0,python -m ppe.eval --config configs/eval/baseline_yolo11s_test.yaml,"95% percentile interval, 1000 bootstrap resamples of the 143 images, seed 0"
p1_baseline_yolo11s_20261007T175332Z,2026-10-07,74dc92ae82,1,yolo11s,weights/best.pt@c3fc0bb3351b,fp32,cpu,construction-ppe,val,clean,no_gloves,recall_ci95_high,0.520060,143,0,python -m ppe.eval --config configs/eval/baseline_yolo11s_test.yaml,"95% percentile interval, 1000 bootstrap resamples of the 143 images, seed 0"
p1_baseline_yolo11s_20261007T175332Z,2026-10-07,74dc92ae82,1,yolo11s,weights/best.pt@c3fc0bb3351b,fp32,cpu,construction-ppe,val,clean,no_goggle,recall_ci95_low,0.081054,143,0,python -m ppe.eval --config configs/eval/baseline_yolo11s_test.yaml,"95% percentile interval, 1000 bootstrap resamples of the 143 images, seed 0"
p1_baseline_yolo11s_20261007T175332Z,2026-10-07,74dc92ae82,1,yolo11s,weights/best.pt@c3fc0bb3351b,fp32,cpu,construction-ppe,val,clean,no_goggle,recall_ci95_high,0.387142,143,0,python -m ppe.eval --config configs/eval/baseline_yolo11s_test.yaml,"95% percentile interval, 1000 bootstrap resamples of the 143 images, seed 0"
p1_baseline_yolo11s_20261007T175332Z,2026-10-07,74dc92ae82,1,yolo11s,weights/best.pt@c3fc0bb3351b,fp32,cpu,construction-ppe,val,clean,no_helmet,recall_ci95_low,0.312465,143,0,python -m ppe.eval --config configs/eval/baseline_yolo11s_test.yaml,"95% percentile interval, 1000 bootstrap resamples of the 143 images, seed 0"
p1_baseline_yolo11s_20261007T175332Z,2026-10-07,74dc92ae82,1,yolo11s,weights/best.pt@c3fc0bb3351b,fp32,cpu,construction-ppe,val,clean,no_helmet,recall_ci95_high,0.666667,143,0,python -m ppe.eval --config configs/eval/baseline_yolo11s_test.yaml,"95% percentile interval, 1000 bootstrap resamples of the 143 images, seed 0"
p1_baseline_yolo11s_20261007T175332Z,2026-10-07,74dc92ae82,1,yolo11s,weights/best.pt@c3fc0bb3351b,fp32,cpu,construction-ppe,val,clean,person_any_violation,violation_recall_ci95_low,0.705882,143,0,python -m ppe.eval --config configs/eval/baseline_yolo11s_test.yaml,"95% percentile interval, 1000 bootstrap resamples of the 143 images, seed 0"
p1_baseline_yolo11s_20261007T175332Z,2026-10-07,74dc92ae82,1,yolo11s,weights/best.pt@c3fc0bb3351b,fp32,cpu,construction-ppe,val,clean,person_any_violation,violation_recall_ci95_high,0.937500,143,0,python -m ppe.eval --config configs/eval/baseline_yolo11s_test.yaml,"95% percentile interval, 1000 bootstrap resamples of the 143 images, seed 0"
p1_baseline_yolo11s_20261007T175332Z,2026-10-07,74dc92ae82,1,yolo11s,weights/best.pt@c3fc0bb3351b,fp32,cpu,construction-ppe,test,clean,helmet,precision,0.951613,192,0,python -m ppe.eval --config configs/eval/baseline_yolo11s_test.yaml,"deployed predict path, conf >= 0.28 (chosen on val), match IoU 0.5; tp=177 fp=9 fn=15; golden=golden_v1 verified"
p1_baseline_yolo11s_20261007T175332Z,2026-10-07,74dc92ae82,1,yolo11s,weights/best.pt@c3fc0bb3351b,fp32,cpu,construction-ppe,test,clean,helmet,recall,0.921875,192,0,python -m ppe.eval --config configs/eval/baseline_yolo11s_test.yaml,"deployed predict path, conf >= 0.28 (chosen on val), match IoU 0.5; tp=177 fp=9 fn=15; golden=golden_v1 verified"
p1_baseline_yolo11s_20261007T175332Z,2026-10-07,74dc92ae82,1,yolo11s,weights/best.pt@c3fc0bb3351b,fp32,cpu,construction-ppe,test,clean,helmet,f1,0.936508,192,0,python -m ppe.eval --config configs/eval/baseline_yolo11s_test.yaml,"deployed predict path, conf >= 0.28 (chosen on val), match IoU 0.5; tp=177 fp=9 fn=15; golden=golden_v1 verified"
p1_baseline_yolo11s_20261007T175332Z,2026-10-07,74dc92ae82,1,yolo11s,weights/best.pt@c3fc0bb3351b,fp32,cpu,construction-ppe,test,clean,helmet,ap50_predict,0.947096,192,0,python -m ppe.eval --config configs/eval/baseline_yolo11s_test.yaml,AP@0.5 recomputed from the predict path (cross-check of Ultralytics map50); golden=golden_v1 verified
p1_baseline_yolo11s_20261007T175332Z,2026-10-07,74dc92ae82,1,yolo11s,weights/best.pt@c3fc0bb3351b,fp32,cpu,construction-ppe,test,clean,gloves,precision,0.867133,163,0,python -m ppe.eval --config configs/eval/baseline_yolo11s_test.yaml,"deployed predict path, conf >= 0.28 (chosen on val), match IoU 0.5; tp=124 fp=19 fn=39; golden=golden_v1 verified"
p1_baseline_yolo11s_20261007T175332Z,2026-10-07,74dc92ae82,1,yolo11s,weights/best.pt@c3fc0bb3351b,fp32,cpu,construction-ppe,test,clean,gloves,recall,0.760736,163,0,python -m ppe.eval --config configs/eval/baseline_yolo11s_test.yaml,"deployed predict path, conf >= 0.28 (chosen on val), match IoU 0.5; tp=124 fp=19 fn=39; golden=golden_v1 verified"
p1_baseline_yolo11s_20261007T175332Z,2026-10-07,74dc92ae82,1,yolo11s,weights/best.pt@c3fc0bb3351b,fp32,cpu,construction-ppe,test,clean,gloves,f1,0.810458,163,0,python -m ppe.eval --config configs/eval/baseline_yolo11s_test.yaml,"deployed predict path, conf >= 0.28 (chosen on val), match IoU 0.5; tp=124 fp=19 fn=39; golden=golden_v1 verified"
p1_baseline_yolo11s_20261007T175332Z,2026-10-07,74dc92ae82,1,yolo11s,weights/best.pt@c3fc0bb3351b,fp32,cpu,construction-ppe,test,clean,gloves,ap50_predict,0.770142,163,0,python -m ppe.eval --config configs/eval/baseline_yolo11s_test.yaml,AP@0.5 recomputed from the predict path (cross-check of Ultralytics map50); golden=golden_v1 verified
p1_baseline_yolo11s_20261007T175332Z,2026-10-07,74dc92ae82,1,yolo11s,weights/best.pt@c3fc0bb3351b,fp32,cpu,construction-ppe,test,clean,vest,precision,0.822917,178,0,python -m ppe.eval --config configs/eval/baseline_yolo11s_test.yaml,"deployed predict path, conf >= 0.28 (chosen on val), match IoU 0.5; tp=158 fp=34 fn=20; golden=golden_v1 verified"
p1_baseline_yolo11s_20261007T175332Z,2026-10-07,74dc92ae82,1,yolo11s,weights/best.pt@c3fc0bb3351b,fp32,cpu,construction-ppe,test,clean,vest,recall,0.887640,178,0,python -m ppe.eval --config configs/eval/baseline_yolo11s_test.yaml,"deployed predict path, conf >= 0.28 (chosen on val), match IoU 0.5; tp=158 fp=34 fn=20; golden=golden_v1 verified"
p1_baseline_yolo11s_20261007T175332Z,2026-10-07,74dc92ae82,1,yolo11s,weights/best.pt@c3fc0bb3351b,fp32,cpu,construction-ppe,test,clean,vest,f1,0.854054,178,0,python -m ppe.eval --config configs/eval/baseline_yolo11s_test.yaml,"deployed predict path, conf >= 0.28 (chosen on val), match IoU 0.5; tp=158 fp=34 fn=20; golden=golden_v1 verified"
p1_baseline_yolo11s_20261007T175332Z,2026-10-07,74dc92ae82,1,yolo11s,weights/best.pt@c3fc0bb3351b,fp32,cpu,construction-ppe,test,clean,vest,ap50_predict,0.911826,178,0,python -m ppe.eval --config configs/eval/baseline_yolo11s_test.yaml,AP@0.5 recomputed from the predict path (cross-check of Ultralytics map50); golden=golden_v1 verified
p1_baseline_yolo11s_20261007T175332Z,2026-10-07,74dc92ae82,1,yolo11s,weights/best.pt@c3fc0bb3351b,fp32,cpu,construction-ppe,test,clean,boots,precision,0.704433,211,0,python -m ppe.eval --config configs/eval/baseline_yolo11s_test.yaml,"deployed predict path, conf >= 0.28 (chosen on val), match IoU 0.5; tp=143 fp=60 fn=68; golden=golden_v1 verified"
p1_baseline_yolo11s_20261007T175332Z,2026-10-07,74dc92ae82,1,yolo11s,weights/best.pt@c3fc0bb3351b,fp32,cpu,construction-ppe,test,clean,boots,recall,0.677725,211,0,python -m ppe.eval --config configs/eval/baseline_yolo11s_test.yaml,"deployed predict path, conf >= 0.28 (chosen on val), match IoU 0.5; tp=143 fp=60 fn=68; golden=golden_v1 verified"
p1_baseline_yolo11s_20261007T175332Z,2026-10-07,74dc92ae82,1,yolo11s,weights/best.pt@c3fc0bb3351b,fp32,cpu,construction-ppe,test,clean,boots,f1,0.690821,211,0,python -m ppe.eval --config configs/eval/baseline_yolo11s_test.yaml,"deployed predict path, conf >= 0.28 (chosen on val), match IoU 0.5; tp=143 fp=60 fn=68; golden=golden_v1 verified"
p1_baseline_yolo11s_20261007T175332Z,2026-10-07,74dc92ae82,1,yolo11s,weights/best.pt@c3fc0bb3351b,fp32,cpu,construction-ppe,test,clean,boots,ap50_predict,0.735728,211,0,python -m ppe.eval --config configs/eval/baseline_yolo11s_test.yaml,AP@0.5 recomputed from the predict path (cross-check of Ultralytics map50); golden=golden_v1 verified
p1_baseline_yolo11s_20261007T175332Z,2026-10-07,74dc92ae82,1,yolo11s,weights/best.pt@c3fc0bb3351b,fp32,cpu,construction-ppe,test,clean,goggles,precision,0.866667,52,0,python -m ppe.eval --config configs/eval/baseline_yolo11s_test.yaml,"deployed predict path, conf >= 0.28 (chosen on val), match IoU 0.5; tp=39 fp=6 fn=13; golden=golden_v1 verified"
p1_baseline_yolo11s_20261007T175332Z,2026-10-07,74dc92ae82,1,yolo11s,weights/best.pt@c3fc0bb3351b,fp32,cpu,construction-ppe,test,clean,goggles,recall,0.750000,52,0,python -m ppe.eval --config configs/eval/baseline_yolo11s_test.yaml,"deployed predict path, conf >= 0.28 (chosen on val), match IoU 0.5; tp=39 fp=6 fn=13; golden=golden_v1 verified"
p1_baseline_yolo11s_20261007T175332Z,2026-10-07,74dc92ae82,1,yolo11s,weights/best.pt@c3fc0bb3351b,fp32,cpu,construction-ppe,test,clean,goggles,f1,0.804124,52,0,python -m ppe.eval --config configs/eval/baseline_yolo11s_test.yaml,"deployed predict path, conf >= 0.28 (chosen on val), match IoU 0.5; tp=39 fp=6 fn=13; golden=golden_v1 verified"
p1_baseline_yolo11s_20261007T175332Z,2026-10-07,74dc92ae82,1,yolo11s,weights/best.pt@c3fc0bb3351b,fp32,cpu,construction-ppe,test,clean,goggles,ap50_predict,0.807399,52,0,python -m ppe.eval --config configs/eval/baseline_yolo11s_test.yaml,AP@0.5 recomputed from the predict path (cross-check of Ultralytics map50); golden=golden_v1 verified
p1_baseline_yolo11s_20261007T175332Z,2026-10-07,74dc92ae82,1,yolo11s,weights/best.pt@c3fc0bb3351b,fp32,cpu,construction-ppe,test,clean,none,precision,0.449275,65,0,python -m ppe.eval --config configs/eval/baseline_yolo11s_test.yaml,"deployed predict path, conf >= 0.28 (chosen on val), match IoU 0.5; tp=31 fp=38 fn=34; golden=golden_v1 verified"
p1_baseline_yolo11s_20261007T175332Z,2026-10-07,74dc92ae82,1,yolo11s,weights/best.pt@c3fc0bb3351b,fp32,cpu,construction-ppe,test,clean,none,recall,0.476923,65,0,python -m ppe.eval --config configs/eval/baseline_yolo11s_test.yaml,"deployed predict path, conf >= 0.28 (chosen on val), match IoU 0.5; tp=31 fp=38 fn=34; golden=golden_v1 verified"
p1_baseline_yolo11s_20261007T175332Z,2026-10-07,74dc92ae82,1,yolo11s,weights/best.pt@c3fc0bb3351b,fp32,cpu,construction-ppe,test,clean,none,f1,0.462687,65,0,python -m ppe.eval --config configs/eval/baseline_yolo11s_test.yaml,"deployed predict path, conf >= 0.28 (chosen on val), match IoU 0.5; tp=31 fp=38 fn=34; golden=golden_v1 verified"
p1_baseline_yolo11s_20261007T175332Z,2026-10-07,74dc92ae82,1,yolo11s,weights/best.pt@c3fc0bb3351b,fp32,cpu,construction-ppe,test,clean,none,ap50_predict,0.408397,65,0,python -m ppe.eval --config configs/eval/baseline_yolo11s_test.yaml,AP@0.5 recomputed from the predict path (cross-check of Ultralytics map50); golden=golden_v1 verified
p1_baseline_yolo11s_20261007T175332Z,2026-10-07,74dc92ae82,1,yolo11s,weights/best.pt@c3fc0bb3351b,fp32,cpu,construction-ppe,test,clean,person,precision,0.824786,236,0,python -m ppe.eval --config configs/eval/baseline_yolo11s_test.yaml,"deployed predict path, conf >= 0.28 (chosen on val), match IoU 0.5; tp=193 fp=41 fn=43; golden=golden_v1 verified"
p1_baseline_yolo11s_20261007T175332Z,2026-10-07,74dc92ae82,1,yolo11s,weights/best.pt@c3fc0bb3351b,fp32,cpu,construction-ppe,test,clean,person,recall,0.817797,236,0,python -m ppe.eval --config configs/eval/baseline_yolo11s_test.yaml,"deployed predict path, conf >= 0.28 (chosen on val), match IoU 0.5; tp=193 fp=41 fn=43; golden=golden_v1 verified"
p1_baseline_yolo11s_20261007T175332Z,2026-10-07,74dc92ae82,1,yolo11s,weights/best.pt@c3fc0bb3351b,fp32,cpu,construction-ppe,test,clean,person,f1,0.821277,236,0,python -m ppe.eval --config configs/eval/baseline_yolo11s_test.yaml,"deployed predict path, conf >= 0.28 (chosen on val), match IoU 0.5; tp=193 fp=41 fn=43; golden=golden_v1 verified"
p1_baseline_yolo11s_20261007T175332Z,2026-10-07,74dc92ae82,1,yolo11s,weights/best.pt@c3fc0bb3351b,fp32,cpu,construction-ppe,test,clean,person,ap50_predict,0.852545,236,0,python -m ppe.eval --config configs/eval/baseline_yolo11s_test.yaml,AP@0.5 recomputed from the predict path (cross-check of Ultralytics map50); golden=golden_v1 verified
p1_baseline_yolo11s_20261007T175332Z,2026-10-07,74dc92ae82,1,yolo11s,weights/best.pt@c3fc0bb3351b,fp32,cpu,construction-ppe,test,clean,no_helmet,precision,0.391304,40,0,python -m ppe.eval --config configs/eval/baseline_yolo11s_test.yaml,"deployed predict path, conf >= 0.28 (chosen on val), match IoU 0.5; tp=9 fp=14 fn=31; golden=golden_v1 verified"
p1_baseline_yolo11s_20261007T175332Z,2026-10-07,74dc92ae82,1,yolo11s,weights/best.pt@c3fc0bb3351b,fp32,cpu,construction-ppe,test,clean,no_helmet,recall,0.225000,40,0,python -m ppe.eval --config configs/eval/baseline_yolo11s_test.yaml,"deployed predict path, conf >= 0.28 (chosen on val), match IoU 0.5; tp=9 fp=14 fn=31; golden=golden_v1 verified"
p1_baseline_yolo11s_20261007T175332Z,2026-10-07,74dc92ae82,1,yolo11s,weights/best.pt@c3fc0bb3351b,fp32,cpu,construction-ppe,test,clean,no_helmet,f1,0.285714,40,0,python -m ppe.eval --config configs/eval/baseline_yolo11s_test.yaml,"deployed predict path, conf >= 0.28 (chosen on val), match IoU 0.5; tp=9 fp=14 fn=31; golden=golden_v1 verified"
p1_baseline_yolo11s_20261007T175332Z,2026-10-07,74dc92ae82,1,yolo11s,weights/best.pt@c3fc0bb3351b,fp32,cpu,construction-ppe,test,clean,no_helmet,ap50_predict,0.264762,40,0,python -m ppe.eval --config configs/eval/baseline_yolo11s_test.yaml,AP@0.5 recomputed from the predict path (cross-check of Ultralytics map50); golden=golden_v1 verified
p1_baseline_yolo11s_20261007T175332Z,2026-10-07,74dc92ae82,1,yolo11s,weights/best.pt@c3fc0bb3351b,fp32,cpu,construction-ppe,test,clean,no_goggle,precision,0.714286,33,0,python -m ppe.eval --config configs/eval/baseline_yolo11s_test.yaml,"deployed predict path, conf >= 0.28 (chosen on val), match IoU 0.5; tp=10 fp=4 fn=23; golden=golden_v1 verified"
p1_baseline_yolo11s_20261007T175332Z,2026-10-07,74dc92ae82,1,yolo11s,weights/best.pt@c3fc0bb3351b,fp32,cpu,construction-ppe,test,clean,no_goggle,recall,0.303030,33,0,python -m ppe.eval --config configs/eval/baseline_yolo11s_test.yaml,"deployed predict path, conf >= 0.28 (chosen on val), match IoU 0.5; tp=10 fp=4 fn=23; golden=golden_v1 verified"
p1_baseline_yolo11s_20261007T175332Z,2026-10-07,74dc92ae82,1,yolo11s,weights/best.pt@c3fc0bb3351b,fp32,cpu,construction-ppe,test,clean,no_goggle,f1,0.425532,33,0,python -m ppe.eval --config configs/eval/baseline_yolo11s_test.yaml,"deployed predict path, conf >= 0.28 (chosen on val), match IoU 0.5; tp=10 fp=4 fn=23; golden=golden_v1 verified"
p1_baseline_yolo11s_20261007T175332Z,2026-10-07,74dc92ae82,1,yolo11s,weights/best.pt@c3fc0bb3351b,fp32,cpu,construction-ppe,test,clean,no_goggle,ap50_predict,0.346524,33,0,python -m ppe.eval --config configs/eval/baseline_yolo11s_test.yaml,AP@0.5 recomputed from the predict path (cross-check of Ultralytics map50); golden=golden_v1 verified
p1_baseline_yolo11s_20261007T175332Z,2026-10-07,74dc92ae82,1,yolo11s,weights/best.pt@c3fc0bb3351b,fp32,cpu,construction-ppe,test,clean,no_gloves,precision,0.500000,58,0,python -m ppe.eval --config configs/eval/baseline_yolo11s_test.yaml,"deployed predict path, conf >= 0.28 (chosen on val), match IoU 0.5; tp=11 fp=11 fn=47; golden=golden_v1 verified"
p1_baseline_yolo11s_20261007T175332Z,2026-10-07,74dc92ae82,1,yolo11s,weights/best.pt@c3fc0bb3351b,fp32,cpu,construction-ppe,test,clean,no_gloves,recall,0.189655,58,0,python -m ppe.eval --config configs/eval/baseline_yolo11s_test.yaml,"deployed predict path, conf >= 0.28 (chosen on val), match IoU 0.5; tp=11 fp=11 fn=47; golden=golden_v1 verified"
p1_baseline_yolo11s_20261007T175332Z,2026-10-07,74dc92ae82,1,yolo11s,weights/best.pt@c3fc0bb3351b,fp32,cpu,construction-ppe,test,clean,no_gloves,f1,0.275000,58,0,python -m ppe.eval --config configs/eval/baseline_yolo11s_test.yaml,"deployed predict path, conf >= 0.28 (chosen on val), match IoU 0.5; tp=11 fp=11 fn=47; golden=golden_v1 verified"
p1_baseline_yolo11s_20261007T175332Z,2026-10-07,74dc92ae82,1,yolo11s,weights/best.pt@c3fc0bb3351b,fp32,cpu,construction-ppe,test,clean,no_gloves,ap50_predict,0.221513,58,0,python -m ppe.eval --config configs/eval/baseline_yolo11s_test.yaml,AP@0.5 recomputed from the predict path (cross-check of Ultralytics map50); golden=golden_v1 verified
p1_baseline_yolo11s_20261007T175332Z,2026-10-07,74dc92ae82,1,yolo11s,weights/best.pt@c3fc0bb3351b,fp32,cpu,construction-ppe,test,clean,no_boots,precision,0.000000,23,0,python -m ppe.eval --config configs/eval/baseline_yolo11s_test.yaml,"deployed predict path, conf >= 0.28 (chosen on val), match IoU 0.5; tp=0 fp=3 fn=23; golden=golden_v1 verified"
p1_baseline_yolo11s_20261007T175332Z,2026-10-07,74dc92ae82,1,yolo11s,weights/best.pt@c3fc0bb3351b,fp32,cpu,construction-ppe,test,clean,no_boots,recall,0.000000,23,0,python -m ppe.eval --config configs/eval/baseline_yolo11s_test.yaml,"deployed predict path, conf >= 0.28 (chosen on val), match IoU 0.5; tp=0 fp=3 fn=23; golden=golden_v1 verified"
p1_baseline_yolo11s_20261007T175332Z,2026-10-07,74dc92ae82,1,yolo11s,weights/best.pt@c3fc0bb3351b,fp32,cpu,construction-ppe,test,clean,no_boots,f1,0.000000,23,0,python -m ppe.eval --config configs/eval/baseline_yolo11s_test.yaml,"deployed predict path, conf >= 0.28 (chosen on val), match IoU 0.5; tp=0 fp=3 fn=23; golden=golden_v1 verified"
p1_baseline_yolo11s_20261007T175332Z,2026-10-07,74dc92ae82,1,yolo11s,weights/best.pt@c3fc0bb3351b,fp32,cpu,construction-ppe,test,clean,no_boots,ap50_predict,0.017879,23,0,python -m ppe.eval --config configs/eval/baseline_yolo11s_test.yaml,AP@0.5 recomputed from the predict path (cross-check of Ultralytics map50); golden=golden_v1 verified
p1_baseline_yolo11s_20261007T175332Z,2026-10-07,74dc92ae82,1,yolo11s,weights/best.pt@c3fc0bb3351b,fp32,cpu,construction-ppe,test,clean,all,precision,0.789242,1251,0,python -m ppe.eval --config configs/eval/baseline_yolo11s_test.yaml,"deployed predict path, conf >= 0.28 (chosen on val), match IoU 0.5; micro over classes; golden=golden_v1 verified"
p1_baseline_yolo11s_20261007T175332Z,2026-10-07,74dc92ae82,1,yolo11s,weights/best.pt@c3fc0bb3351b,fp32,cpu,construction-ppe,test,clean,all,recall,0.715428,1251,0,python -m ppe.eval --config configs/eval/baseline_yolo11s_test.yaml,"deployed predict path, conf >= 0.28 (chosen on val), match IoU 0.5; micro over classes; golden=golden_v1 verified"
p1_baseline_yolo11s_20261007T175332Z,2026-10-07,74dc92ae82,1,yolo11s,weights/best.pt@c3fc0bb3351b,fp32,cpu,construction-ppe,test,clean,all,macro_f1,0.578743,1251,0,python -m ppe.eval --config configs/eval/baseline_yolo11s_test.yaml,"deployed predict path, conf >= 0.28 (chosen on val), match IoU 0.5; golden=golden_v1 verified"
p1_baseline_yolo11s_20261007T175332Z,2026-10-07,74dc92ae82,1,yolo11s,weights/best.pt@c3fc0bb3351b,fp32,cpu,construction-ppe,test,clean,violation_classes,macro_recall,0.179421,154,0,python -m ppe.eval --config configs/eval/baseline_yolo11s_test.yaml,"deployed predict path, conf >= 0.28 (chosen on val), match IoU 0.5; unweighted mean of no_helmet, no_goggle, no_gloves, no_boots box recall; golden=golden_v1 verified"
p1_baseline_yolo11s_20261007T175332Z,2026-10-07,74dc92ae82,1,yolo11s,weights/best.pt@c3fc0bb3351b,fp32,cpu,construction-ppe,test,clean,person_any_violation,violation_recall,0.574468,47,0,python -m ppe.eval --config configs/eval/baseline_yolo11s_test.yaml,"deployed predict path, conf >= 0.28 (chosen on val), match IoU 0.5; per labelled person; 236 labelled persons, 43 not detected; 0 labelled no_* boxes outside every labelled person are not counted; flagged 27 of 47 labelled violators for any item (an alert for the person, not necessarily the right item); golden=golden_v1 verified"
p1_baseline_yolo11s_20261007T175332Z,2026-10-07,74dc92ae82,1,yolo11s,weights/best.pt@c3fc0bb3351b,fp32,cpu,construction-ppe,test,clean,person_any_violation,false_alert_rate,0.161290,31,0,python -m ppe.eval --config configs/eval/baseline_yolo11s_test.yaml,"deployed predict path, conf >= 0.28 (chosen on val), match IoU 0.5; per labelled person; 236 labelled persons, 43 not detected; 0 labelled no_* boxes outside every labelled person are not counted; share of 31 predicted violation flags that do not match a labelled violation of the same item (1 - alert precision); golden=golden_v1 verified"
p1_baseline_yolo11s_20261007T175332Z,2026-10-07,74dc92ae82,1,yolo11s,weights/best.pt@c3fc0bb3351b,fp32,cpu,construction-ppe,test,clean,person_no_helmet,violation_recall,0.384615,39,0,python -m ppe.eval --config configs/eval/baseline_yolo11s_test.yaml,"deployed predict path, conf >= 0.28 (chosen on val), match IoU 0.5; per labelled person; 236 labelled persons, 43 not detected; 0 labelled no_* boxes outside every labelled person are not counted; flagged 15 of 39 labelled violators for this item; the no_* box itself needs no IoU match, only the person; golden=golden_v1 verified"
p1_baseline_yolo11s_20261007T175332Z,2026-10-07,74dc92ae82,1,yolo11s,weights/best.pt@c3fc0bb3351b,fp32,cpu,construction-ppe,test,clean,person_no_helmet,false_alert_rate,0.250000,20,0,python -m ppe.eval --config configs/eval/baseline_yolo11s_test.yaml,"deployed predict path, conf >= 0.28 (chosen on val), match IoU 0.5; per labelled person; 236 labelled persons, 43 not detected; 0 labelled no_* boxes outside every labelled person are not counted; share of 20 predicted violation flags that do not match a labelled violation of the same item (1 - alert precision); golden=golden_v1 verified"
p1_baseline_yolo11s_20261007T175332Z,2026-10-07,74dc92ae82,1,yolo11s,weights/best.pt@c3fc0bb3351b,fp32,cpu,construction-ppe,test,clean,person_no_gloves,violation_recall,0.416667,36,0,python -m ppe.eval --config configs/eval/baseline_yolo11s_test.yaml,"deployed predict path, conf >= 0.28 (chosen on val), match IoU 0.5; per labelled person; 236 labelled persons, 43 not detected; 0 labelled no_* boxes outside every labelled person are not counted; flagged 15 of 36 labelled violators for this item; the no_* box itself needs no IoU match, only the person; golden=golden_v1 verified"
p1_baseline_yolo11s_20261007T175332Z,2026-10-07,74dc92ae82,1,yolo11s,weights/best.pt@c3fc0bb3351b,fp32,cpu,construction-ppe,test,clean,person_no_gloves,false_alert_rate,0.210526,19,0,python -m ppe.eval --config configs/eval/baseline_yolo11s_test.yaml,"deployed predict path, conf >= 0.28 (chosen on val), match IoU 0.5; per labelled person; 236 labelled persons, 43 not detected; 0 labelled no_* boxes outside every labelled person are not counted; share of 19 predicted violation flags that do not match a labelled violation of the same item (1 - alert precision); golden=golden_v1 verified"
p1_baseline_yolo11s_20261007T175332Z,2026-10-07,74dc92ae82,1,yolo11s,weights/best.pt@c3fc0bb3351b,fp32,cpu,construction-ppe,test,clean,person_no_boots,violation_recall,0.153846,13,0,python -m ppe.eval --config configs/eval/baseline_yolo11s_test.yaml,"deployed predict path, conf >= 0.28 (chosen on val), match IoU 0.5; per labelled person; 236 labelled persons, 43 not detected; 0 labelled no_* boxes outside every labelled person are not counted; flagged 2 of 13 labelled violators for this item; the no_* box itself needs no IoU match, only the person; golden=golden_v1 verified"
p1_baseline_yolo11s_20261007T175332Z,2026-10-07,74dc92ae82,1,yolo11s,weights/best.pt@c3fc0bb3351b,fp32,cpu,construction-ppe,test,clean,person_no_boots,false_alert_rate,0.000000,2,0,python -m ppe.eval --config configs/eval/baseline_yolo11s_test.yaml,"deployed predict path, conf >= 0.28 (chosen on val), match IoU 0.5; per labelled person; 236 labelled persons, 43 not detected; 0 labelled no_* boxes outside every labelled person are not counted; share of 2 predicted violation flags that do not match a labelled violation of the same item (1 - alert precision); golden=golden_v1 verified"
p1_baseline_yolo11s_20261007T175332Z,2026-10-07,74dc92ae82,1,yolo11s,weights/best.pt@c3fc0bb3351b,fp32,cpu,construction-ppe,test,clean,person_no_goggle,violation_recall,0.375000,32,0,python -m ppe.eval --config configs/eval/baseline_yolo11s_test.yaml,"deployed predict path, conf >= 0.28 (chosen on val), match IoU 0.5; per labelled person; 236 labelled persons, 43 not detected; 0 labelled no_* boxes outside every labelled person are not counted; flagged 12 of 32 labelled violators for this item; the no_* box itself needs no IoU match, only the person; golden=golden_v1 verified"
p1_baseline_yolo11s_20261007T175332Z,2026-10-07,74dc92ae82,1,yolo11s,weights/best.pt@c3fc0bb3351b,fp32,cpu,construction-ppe,test,clean,person_no_goggle,false_alert_rate,0.076923,13,0,python -m ppe.eval --config configs/eval/baseline_yolo11s_test.yaml,"deployed predict path, conf >= 0.28 (chosen on val), match IoU 0.5; per labelled person; 236 labelled persons, 43 not detected; 0 labelled no_* boxes outside every labelled person are not counted; share of 13 predicted violation flags that do not match a labelled violation of the same item (1 - alert precision); golden=golden_v1 verified"
p1_baseline_yolo11s_20261007T175332Z,2026-10-07,74dc92ae82,1,yolo11s,weights/best.pt@c3fc0bb3351b,fp32,cpu,construction-ppe,test,clean,person_any_violation,nonviolator_flag_rate,0.000000,189,0,python -m ppe.eval --config configs/eval/baseline_yolo11s_test.yaml,"deployed predict path, conf >= 0.28 (chosen on val), match IoU 0.5; per labelled person; 236 labelled persons, 43 not detected; 0 labelled no_* boxes outside every labelled person are not counted; labelled persons with no violation who were flagged for any item; golden=golden_v1 verified"
p1_baseline_yolo11s_20261007T175332Z,2026-10-07,74dc92ae82,1,yolo11s,weights/best.pt@c3fc0bb3351b,fp32,cpu,construction-ppe,test,clean,all,ap50_predict,0.571256,1251,0,python -m ppe.eval --config configs/eval/baseline_yolo11s_test.yaml,macro AP@0.5 from the predict path; compare with map50; golden=golden_v1 verified
p1_baseline_yolo11s_20261007T175332Z,2026-10-07,74dc92ae82,1,yolo11s,weights/best.pt@c3fc0bb3351b,fp32,cpu,construction-ppe,test,clean,all,ap50_predict_ci95_low,0.530906,141,0,python -m ppe.eval --config configs/eval/baseline_yolo11s_test.yaml,"95% percentile interval, 1000 bootstrap resamples of the 141 images, seed 0; golden=golden_v1 verified"
p1_baseline_yolo11s_20261007T175332Z,2026-10-07,74dc92ae82,1,yolo11s,weights/best.pt@c3fc0bb3351b,fp32,cpu,construction-ppe,test,clean,all,ap50_predict_ci95_high,0.628988,141,0,python -m ppe.eval --config configs/eval/baseline_yolo11s_test.yaml,"95% percentile interval, 1000 bootstrap resamples of the 141 images, seed 0; golden=golden_v1 verified"
p1_baseline_yolo11s_20261007T175332Z,2026-10-07,74dc92ae82,1,yolo11s,weights/best.pt@c3fc0bb3351b,fp32,cpu,construction-ppe,test,clean,no_boots,recall_ci95_low,0.000000,141,0,python -m ppe.eval --config configs/eval/baseline_yolo11s_test.yaml,"95% percentile interval, 1000 bootstrap resamples of the 141 images, seed 0; golden=golden_v1 verified"
p1_baseline_yolo11s_20261007T175332Z,2026-10-07,74dc92ae82,1,yolo11s,weights/best.pt@c3fc0bb3351b,fp32,cpu,construction-ppe,test,clean,no_boots,recall_ci95_high,0.000000,141,0,python -m ppe.eval --config configs/eval/baseline_yolo11s_test.yaml,"95% percentile interval, 1000 bootstrap resamples of the 141 images, seed 0; golden=golden_v1 verified"
p1_baseline_yolo11s_20261007T175332Z,2026-10-07,74dc92ae82,1,yolo11s,weights/best.pt@c3fc0bb3351b,fp32,cpu,construction-ppe,test,clean,no_gloves,recall_ci95_low,0.086938,141,0,python -m ppe.eval --config configs/eval/baseline_yolo11s_test.yaml,"95% percentile interval, 1000 bootstrap resamples of the 141 images, seed 0; golden=golden_v1 verified"
p1_baseline_yolo11s_20261007T175332Z,2026-10-07,74dc92ae82,1,yolo11s,weights/best.pt@c3fc0bb3351b,fp32,cpu,construction-ppe,test,clean,no_gloves,recall_ci95_high,0.325000,141,0,python -m ppe.eval --config configs/eval/baseline_yolo11s_test.yaml,"95% percentile interval, 1000 bootstrap resamples of the 141 images, seed 0; golden=golden_v1 verified"
p1_baseline_yolo11s_20261007T175332Z,2026-10-07,74dc92ae82,1,yolo11s,weights/best.pt@c3fc0bb3351b,fp32,cpu,construction-ppe,test,clean,no_goggle,recall_ci95_low,0.162791,141,0,python -m ppe.eval --config configs/eval/baseline_yolo11s_test.yaml,"95% percentile interval, 1000 bootstrap resamples of the 141 images, seed 0; golden=golden_v1 verified"
p1_baseline_yolo11s_20261007T175332Z,2026-10-07,74dc92ae82,1,yolo11s,weights/best.pt@c3fc0bb3351b,fp32,cpu,construction-ppe,test,clean,no_goggle,recall_ci95_high,0.481481,141,0,python -m ppe.eval --config configs/eval/baseline_yolo11s_test.yaml,"95% percentile interval, 1000 bootstrap resamples of the 141 images, seed 0; golden=golden_v1 verified"
p1_baseline_yolo11s_20261007T175332Z,2026-10-07,74dc92ae82,1,yolo11s,weights/best.pt@c3fc0bb3351b,fp32,cpu,construction-ppe,test,clean,no_helmet,recall_ci95_low,0.083333,141,0,python -m ppe.eval --config configs/eval/baseline_yolo11s_test.yaml,"95% percentile interval, 1000 bootstrap resamples of the 141 images, seed 0; golden=golden_v1 verified"
p1_baseline_yolo11s_20261007T175332Z,2026-10-07,74dc92ae82,1,yolo11s,weights/best.pt@c3fc0bb3351b,fp32,cpu,construction-ppe,test,clean,no_helmet,recall_ci95_high,0.406837,141,0,python -m ppe.eval --config configs/eval/baseline_yolo11s_test.yaml,"95% percentile interval, 1000 bootstrap resamples of the 141 images, seed 0; golden=golden_v1 verified"
p1_baseline_yolo11s_20261007T175332Z,2026-10-07,74dc92ae82,1,yolo11s,weights/best.pt@c3fc0bb3351b,fp32,cpu,construction-ppe,test,clean,person_any_violation,violation_recall_ci95_low,0.435430,141,0,python -m ppe.eval --config configs/eval/baseline_yolo11s_test.yaml,"95% percentile interval, 1000 bootstrap resamples of the 141 images, seed 0; golden=golden_v1 verified"
p1_baseline_yolo11s_20261007T175332Z,2026-10-07,74dc92ae82,1,yolo11s,weights/best.pt@c3fc0bb3351b,fp32,cpu,construction-ppe,test,clean,person_any_violation,violation_recall_ci95_high,0.766667,141,0,python -m ppe.eval --config configs/eval/baseline_yolo11s_test.yaml,"95% percentile interval, 1000 bootstrap resamples of the 141 images, seed 0; golden=golden_v1 verified"
p1_baseline_yolo11s_20261007T175540Z,2026-10-07,74dc92ae82,1,yolo11s,weights/best.pt@c3fc0bb3351b,fp32,cpu,construction-ppe,val,clean,all,map50,0.638884,1172,0,python -m ppe.eval --config configs/eval/baseline_yolo11s_test.yaml,"143 images; Ultralytics val, conf 0.001, NMS IoU 0.7; P and R at the confidence maximising mean F1 on this same split (Ultralytics convention), not at the operating confidence"
p1_baseline_yolo11s_20261007T175540Z,2026-10-07,74dc92ae82,1,yolo11s,weights/best.pt@c3fc0bb3351b,fp32,cpu,construction-ppe,val,clean,all,map50_95,0.314546,1172,0,python -m ppe.eval --config configs/eval/baseline_yolo11s_test.yaml,"143 images; Ultralytics val, conf 0.001, NMS IoU 0.7; P and R at the confidence maximising mean F1 on this same split (Ultralytics convention), not at the operating confidence"
p1_baseline_yolo11s_20261007T175540Z,2026-10-07,74dc92ae82,1,yolo11s,weights/best.pt@c3fc0bb3351b,fp32,cpu,construction-ppe,val,clean,all,precision_ul,0.739259,1172,0,python -m ppe.eval --config configs/eval/baseline_yolo11s_test.yaml,"Ultralytics val, conf 0.001, NMS IoU 0.7; P and R at the confidence maximising mean F1 on this same split (Ultralytics convention), not at the operating confidence"
p1_baseline_yolo11s_20261007T175540Z,2026-10-07,74dc92ae82,1,yolo11s,weights/best.pt@c3fc0bb3351b,fp32,cpu,construction-ppe,val,clean,all,recall_ul,0.590569,1172,0,python -m ppe.eval --config configs/eval/baseline_yolo11s_test.yaml,"Ultralytics val, conf 0.001, NMS IoU 0.7; P and R at the confidence maximising mean F1 on this same split (Ultralytics convention), not at the operating confidence"
p1_baseline_yolo11s_20261007T175540Z,2026-10-07,74dc92ae82,1,yolo11s,weights/best.pt@c3fc0bb3351b,fp32,cpu,construction-ppe,val,clean,helmet,map50,0.824265,201,0,python -m ppe.eval --config configs/eval/baseline_yolo11s_test.yaml,"Ultralytics val, conf 0.001, NMS IoU 0.7; P and R at the confidence maximising mean F1 on this same split (Ultralytics convention), not at the operating confidence"
p1_baseline_yolo11s_20261007T175540Z,2026-10-07,74dc92ae82,1,yolo11s,weights/best.pt@c3fc0bb3351b,fp32,cpu,construction-ppe,val,clean,helmet,map50_95,0.448721,201,0,python -m ppe.eval --config configs/eval/baseline_yolo11s_test.yaml,"Ultralytics val, conf 0.001, NMS IoU 0.7; P and R at the confidence maximising mean F1 on this same split (Ultralytics convention), not at the operating confidence"
p1_baseline_yolo11s_20261007T175540Z,2026-10-07,74dc92ae82,1,yolo11s,weights/best.pt@c3fc0bb3351b,fp32,cpu,construction-ppe,val,clean,helmet,precision_ul,0.867283,201,0,python -m ppe.eval --config configs/eval/baseline_yolo11s_test.yaml,"Ultralytics val, conf 0.001, NMS IoU 0.7; P and R at the confidence maximising mean F1 on this same split (Ultralytics convention), not at the operating confidence"
p1_baseline_yolo11s_20261007T175540Z,2026-10-07,74dc92ae82,1,yolo11s,weights/best.pt@c3fc0bb3351b,fp32,cpu,construction-ppe,val,clean,helmet,recall_ul,0.815920,201,0,python -m ppe.eval --config configs/eval/baseline_yolo11s_test.yaml,"Ultralytics val, conf 0.001, NMS IoU 0.7; P and R at the confidence maximising mean F1 on this same split (Ultralytics convention), not at the operating confidence"
p1_baseline_yolo11s_20261007T175540Z,2026-10-07,74dc92ae82,1,yolo11s,weights/best.pt@c3fc0bb3351b,fp32,cpu,construction-ppe,val,clean,gloves,map50,0.814759,136,0,python -m ppe.eval --config configs/eval/baseline_yolo11s_test.yaml,"Ultralytics val, conf 0.001, NMS IoU 0.7; P and R at the confidence maximising mean F1 on this same split (Ultralytics convention), not at the operating confidence"
p1_baseline_yolo11s_20261007T175540Z,2026-10-07,74dc92ae82,1,yolo11s,weights/best.pt@c3fc0bb3351b,fp32,cpu,construction-ppe,val,clean,gloves,map50_95,0.400460,136,0,python -m ppe.eval --config configs/eval/baseline_yolo11s_test.yaml,"Ultralytics val, conf 0.001, NMS IoU 0.7; P and R at the confidence maximising mean F1 on this same split (Ultralytics convention), not at the operating confidence"
p1_baseline_yolo11s_20261007T175540Z,2026-10-07,74dc92ae82,1,yolo11s,weights/best.pt@c3fc0bb3351b,fp32,cpu,construction-ppe,val,clean,gloves,precision_ul,0.832654,136,0,python -m ppe.eval --config configs/eval/baseline_yolo11s_test.yaml,"Ultralytics val, conf 0.001, NMS IoU 0.7; P and R at the confidence maximising mean F1 on this same split (Ultralytics convention), not at the operating confidence"
p1_baseline_yolo11s_20261007T175540Z,2026-10-07,74dc92ae82,1,yolo11s,weights/best.pt@c3fc0bb3351b,fp32,cpu,construction-ppe,val,clean,gloves,recall_ul,0.772059,136,0,python -m ppe.eval --config configs/eval/baseline_yolo11s_test.yaml,"Ultralytics val, conf 0.001, NMS IoU 0.7; P and R at the confidence maximising mean F1 on this same split (Ultralytics convention), not at the operating confidence"
p1_baseline_yolo11s_20261007T175540Z,2026-10-07,74dc92ae82,1,yolo11s,weights/best.pt@c3fc0bb3351b,fp32,cpu,construction-ppe,val,clean,vest,map50,0.859904,171,0,python -m ppe.eval --config configs/eval/baseline_yolo11s_test.yaml,"Ultralytics val, conf 0.001, NMS IoU 0.7; P and R at the confidence maximising mean F1 on this same split (Ultralytics convention), not at the operating confidence"
p1_baseline_yolo11s_20261007T175540Z,2026-10-07,74dc92ae82,1,yolo11s,weights/best.pt@c3fc0bb3351b,fp32,cpu,construction-ppe,val,clean,vest,map50_95,0.557751,171,0,python -m ppe.eval --config configs/eval/baseline_yolo11s_test.yaml,"Ultralytics val, conf 0.001, NMS IoU 0.7; P and R at the confidence maximising mean F1 on this same split (Ultralytics convention), not at the operating confidence"
p1_baseline_yolo11s_20261007T175540Z,2026-10-07,74dc92ae82,1,yolo11s,weights/best.pt@c3fc0bb3351b,fp32,cpu,construction-ppe,val,clean,vest,precision_ul,0.842387,171,0,python -m ppe.eval --config configs/eval/baseline_yolo11s_test.yaml,"Ultralytics val, conf 0.001, NMS IoU 0.7; P and R at the confidence maximising mean F1 on this same split (Ultralytics convention), not at the operating confidence"
p1_baseline_yolo11s_20261007T175540Z,2026-10-07,74dc92ae82,1,yolo11s,weights/best.pt@c3fc0bb3351b,fp32,cpu,construction-ppe,val,clean,vest,recall_ul,0.795322,171,0,python -m ppe.eval --config configs/eval/baseline_yolo11s_test.yaml,"Ultralytics val, conf 0.001, NMS IoU 0.7; P and R at the confidence maximising mean F1 on this same split (Ultralytics convention), not at the operating confidence"
p1_baseline_yolo11s_20261007T175540Z,2026-10-07,74dc92ae82,1,yolo11s,weights/best.pt@c3fc0bb3351b,fp32,cpu,construction-ppe,val,clean,boots,map50,0.817937,151,0,python -m ppe.eval --config configs/eval/baseline_yolo11s_test.yaml,"Ultralytics val, conf 0.001, NMS IoU 0.7; P and R at the confidence maximising mean F1 on this same split (Ultralytics convention), not at the operating confidence"
p1_baseline_yolo11s_20261007T175540Z,2026-10-07,74dc92ae82,1,yolo11s,weights/best.pt@c3fc0bb3351b,fp32,cpu,construction-ppe,val,clean,boots,map50_95,0.462656,151,0,python -m ppe.eval --config configs/eval/baseline_yolo11s_test.yaml,"Ultralytics val, conf 0.001, NMS IoU 0.7; P and R at the confidence maximising mean F1 on this same split (Ultralytics convention), not at the operating confidence"
p1_baseline_yolo11s_20261007T175540Z,2026-10-07,74dc92ae82,1,yolo11s,weights/best.pt@c3fc0bb3351b,fp32,cpu,construction-ppe,val,clean,boots,precision_ul,0.776699,151,0,python -m ppe.eval --config configs/eval/baseline_yolo11s_test.yaml,"Ultralytics val, conf 0.001, NMS IoU 0.7; P and R at the confidence maximising mean F1 on this same split (Ultralytics convention), not at the operating confidence"
p1_baseline_yolo11s_20261007T175540Z,2026-10-07,74dc92ae82,1,yolo11s,weights/best.pt@c3fc0bb3351b,fp32,cpu,construction-ppe,val,clean,boots,recall_ul,0.761589,151,0,python -m ppe.eval --config configs/eval/baseline_yolo11s_test.yaml,"Ultralytics val, conf 0.001, NMS IoU 0.7; P and R at the confidence maximising mean F1 on this same split (Ultralytics convention), not at the operating confidence"
p1_baseline_yolo11s_20261007T175540Z,2026-10-07,74dc92ae82,1,yolo11s,weights/best.pt@c3fc0bb3351b,fp32,cpu,construction-ppe,val,clean,goggles,map50,0.810907,47,0,python -m ppe.eval --config configs/eval/baseline_yolo11s_test.yaml,"Ultralytics val, conf 0.001, NMS IoU 0.7; P and R at the confidence maximising mean F1 on this same split (Ultralytics convention), not at the operating confidence"
p1_baseline_yolo11s_20261007T175540Z,2026-10-07,74dc92ae82,1,yolo11s,weights/best.pt@c3fc0bb3351b,fp32,cpu,construction-ppe,val,clean,goggles,map50_95,0.398294,47,0,python -m ppe.eval --config configs/eval/baseline_yolo11s_test.yaml,"Ultralytics val, conf 0.001, NMS IoU 0.7; P and R at the confidence maximising mean F1 on this same split (Ultralytics convention), not at the operating confidence"
p1_baseline_yolo11s_20261007T175540Z,2026-10-07,74dc92ae82,1,yolo11s,weights/best.pt@c3fc0bb3351b,fp32,cpu,construction-ppe,val,clean,goggles,precision_ul,0.831204,47,0,python -m ppe.eval --config configs/eval/baseline_yolo11s_test.yaml,"Ultralytics val, conf 0.001, NMS IoU 0.7; P and R at the confidence maximising mean F1 on this same split (Ultralytics convention), not at the operating confidence"
p1_baseline_yolo11s_20261007T175540Z,2026-10-07,74dc92ae82,1,yolo11s,weights/best.pt@c3fc0bb3351b,fp32,cpu,construction-ppe,val,clean,goggles,recall_ul,0.787234,47,0,python -m ppe.eval --config configs/eval/baseline_yolo11s_test.yaml,"Ultralytics val, conf 0.001, NMS IoU 0.7; P and R at the confidence maximising mean F1 on this same split (Ultralytics convention), not at the operating confidence"
p1_baseline_yolo11s_20261007T175540Z,2026-10-07,74dc92ae82,1,yolo11s,weights/best.pt@c3fc0bb3351b,fp32,cpu,construction-ppe,val,clean,none,map50,0.631848,81,0,python -m ppe.eval --config configs/eval/baseline_yolo11s_test.yaml,"Ultralytics val, conf 0.001, NMS IoU 0.7; P and R at the confidence maximising mean F1 on this same split (Ultralytics convention), not at the operating confidence"
p1_baseline_yolo11s_20261007T175540Z,2026-10-07,74dc92ae82,1,yolo11s,weights/best.pt@c3fc0bb3351b,fp32,cpu,construction-ppe,val,clean,none,map50_95,0.239590,81,0,python -m ppe.eval --config configs/eval/baseline_yolo11s_test.yaml,"Ultralytics val, conf 0.001, NMS IoU 0.7; P and R at the confidence maximising mean F1 on this same split (Ultralytics convention), not at the operating confidence"
p1_baseline_yolo11s_20261007T175540Z,2026-10-07,74dc92ae82,1,yolo11s,weights/best.pt@c3fc0bb3351b,fp32,cpu,construction-ppe,val,clean,none,precision_ul,0.597317,81,0,python -m ppe.eval --config configs/eval/baseline_yolo11s_test.yaml,"Ultralytics val, conf 0.001, NMS IoU 0.7; P and R at the confidence maximising mean F1 on this same split (Ultralytics convention), not at the operating confidence"
p1_baseline_yolo11s_20261007T175540Z,2026-10-07,74dc92ae82,1,yolo11s,weights/best.pt@c3fc0bb3351b,fp32,cpu,construction-ppe,val,clean,none,recall_ul,0.622674,81,0,python -m ppe.eval --config configs/eval/baseline_yolo11s_test.yaml,"Ultralytics val, conf 0.001, NMS IoU 0.7; P and R at the confidence maximising mean F1 on this same split (Ultralytics convention), not at the operating confidence"
p1_baseline_yolo11s_20261007T175540Z,2026-10-07,74dc92ae82,1,yolo11s,weights/best.pt@c3fc0bb3351b,fp32,cpu,construction-ppe,val,clean,person,map50,0.926835,239,0,python -m ppe.eval --config configs/eval/baseline_yolo11s_test.yaml,"Ultralytics val, conf 0.001, NMS IoU 0.7; P and R at the confidence maximising mean F1 on this same split (Ultralytics convention), not at the operating confidence"
p1_baseline_yolo11s_20261007T175540Z,2026-10-07,74dc92ae82,1,yolo11s,weights/best.pt@c3fc0bb3351b,fp32,cpu,construction-ppe,val,clean,person,map50_95,0.553785,239,0,python -m ppe.eval --config configs/eval/baseline_yolo11s_test.yaml,"Ultralytics val, conf 0.001, NMS IoU 0.7; P and R at the confidence maximising mean F1 on this same split (Ultralytics convention), not at the operating confidence"
p1_baseline_yolo11s_20261007T175540Z,2026-10-07,74dc92ae82,1,yolo11s,weights/best.pt@c3fc0bb3351b,fp32,cpu,construction-ppe,val,clean,person,precision_ul,0.863240,239,0,python -m ppe.eval --config configs/eval/baseline_yolo11s_test.yaml,"Ultralytics val, conf 0.001, NMS IoU 0.7; P and R at the confidence maximising mean F1 on this same split (Ultralytics convention), not at the operating confidence"
p1_baseline_yolo11s_20261007T175540Z,2026-10-07,74dc92ae82,1,yolo11s,weights/best.pt@c3fc0bb3351b,fp32,cpu,construction-ppe,val,clean,person,recall_ul,0.903766,239,0,python -m ppe.eval --config configs/eval/baseline_yolo11s_test.yaml,"Ultralytics val, conf 0.001, NMS IoU 0.7; P and R at the confidence maximising mean F1 on this same split (Ultralytics convention), not at the operating confidence"
p1_baseline_yolo11s_20261007T175540Z,2026-10-07,74dc92ae82,1,yolo11s,weights/best.pt@c3fc0bb3351b,fp32,cpu,construction-ppe,val,clean,no_helmet,map50,0.460789,45,0,python -m ppe.eval --config configs/eval/baseline_yolo11s_test.yaml,"Ultralytics val, conf 0.001, NMS IoU 0.7; P and R at the confidence maximising mean F1 on this same split (Ultralytics convention), not at the operating confidence"
p1_baseline_yolo11s_20261007T175540Z,2026-10-07,74dc92ae82,1,yolo11s,weights/best.pt@c3fc0bb3351b,fp32,cpu,construction-ppe,val,clean,no_helmet,map50_95,0.155838,45,0,python -m ppe.eval --config configs/eval/baseline_yolo11s_test.yaml,"Ultralytics val, conf 0.001, NMS IoU 0.7; P and R at the confidence maximising mean F1 on this same split (Ultralytics convention), not at the operating confidence"
p1_baseline_yolo11s_20261007T175540Z,2026-10-07,74dc92ae82,1,yolo11s,weights/best.pt@c3fc0bb3351b,fp32,cpu,construction-ppe,val,clean,no_helmet,precision_ul,0.503854,45,0,python -m ppe.eval --config configs/eval/baseline_yolo11s_test.yaml,"Ultralytics val, conf 0.001, NMS IoU 0.7; P and R at the confidence maximising mean F1 on this same split (Ultralytics convention), not at the operating confidence"
p1_baseline_yolo11s_20261007T175540Z,2026-10-07,74dc92ae82,1,yolo11s,weights/best.pt@c3fc0bb3351b,fp32,cpu,construction-ppe,val,clean,no_helmet,recall_ul,0.466667,45,0,python -m ppe.eval --config configs/eval/baseline_yolo11s_test.yaml,"Ultralytics val, conf 0.001, NMS IoU 0.7; P and R at the confidence maximising mean F1 on this same split (Ultralytics convention), not at the operating confidence"
p1_baseline_yolo11s_20261007T175540Z,2026-10-07,74dc92ae82,1,yolo11s,weights/best.pt@c3fc0bb3351b,fp32,cpu,construction-ppe,val,clean,no_goggle,map50,0.287516,41,0,python -m ppe.eval --config configs/eval/baseline_yolo11s_test.yaml,"Ultralytics val, conf 0.001, NMS IoU 0.7; P and R at the confidence maximising mean F1 on this same split (Ultralytics convention), not at the operating confidence"
p1_baseline_yolo11s_20261007T175540Z,2026-10-07,74dc92ae82,1,yolo11s,weights/best.pt@c3fc0bb3351b,fp32,cpu,construction-ppe,val,clean,no_goggle,map50_95,0.085736,41,0,python -m ppe.eval --config configs/eval/baseline_yolo11s_test.yaml,"Ultralytics val, conf 0.001, NMS IoU 0.7; P and R at the confidence maximising mean F1 on this same split (Ultralytics convention), not at the operating confidence"
p1_baseline_yolo11s_20261007T175540Z,2026-10-07,74dc92ae82,1,yolo11s,weights/best.pt@c3fc0bb3351b,fp32,cpu,construction-ppe,val,clean,no_goggle,precision_ul,0.508428,41,0,python -m ppe.eval --config configs/eval/baseline_yolo11s_test.yaml,"Ultralytics val, conf 0.001, NMS IoU 0.7; P and R at the confidence maximising mean F1 on this same split (Ultralytics convention), not at the operating confidence"
p1_baseline_yolo11s_20261007T175540Z,2026-10-07,74dc92ae82,1,yolo11s,weights/best.pt@c3fc0bb3351b,fp32,cpu,construction-ppe,val,clean,no_goggle,recall_ul,0.219512,41,0,python -m ppe.eval --config configs/eval/baseline_yolo11s_test.yaml,"Ultralytics val, conf 0.001, NMS IoU 0.7; P and R at the confidence maximising mean F1 on this same split (Ultralytics convention), not at the operating confidence"
p1_baseline_yolo11s_20261007T175540Z,2026-10-07,74dc92ae82,1,yolo11s,weights/best.pt@c3fc0bb3351b,fp32,cpu,construction-ppe,val,clean,no_gloves,map50,0.300008,56,0,python -m ppe.eval --config configs/eval/baseline_yolo11s_test.yaml,"Ultralytics val, conf 0.001, NMS IoU 0.7; P and R at the confidence maximising mean F1 on this same split (Ultralytics convention), not at the operating confidence"
p1_baseline_yolo11s_20261007T175540Z,2026-10-07,74dc92ae82,1,yolo11s,weights/best.pt@c3fc0bb3351b,fp32,cpu,construction-ppe,val,clean,no_gloves,map50_95,0.073436,56,0,python -m ppe.eval --config configs/eval/baseline_yolo11s_test.yaml,"Ultralytics val, conf 0.001, NMS IoU 0.7; P and R at the confidence maximising mean F1 on this same split (Ultralytics convention), not at the operating confidence"
p1_baseline_yolo11s_20261007T175540Z,2026-10-07,74dc92ae82,1,yolo11s,weights/best.pt@c3fc0bb3351b,fp32,cpu,construction-ppe,val,clean,no_gloves,precision_ul,0.508779,56,0,python -m ppe.eval --config configs/eval/baseline_yolo11s_test.yaml,"Ultralytics val, conf 0.001, NMS IoU 0.7; P and R at the confidence maximising mean F1 on this same split (Ultralytics convention), not at the operating confidence"
p1_baseline_yolo11s_20261007T175540Z,2026-10-07,74dc92ae82,1,yolo11s,weights/best.pt@c3fc0bb3351b,fp32,cpu,construction-ppe,val,clean,no_gloves,recall_ul,0.351514,56,0,python -m ppe.eval --config configs/eval/baseline_yolo11s_test.yaml,"Ultralytics val, conf 0.001, NMS IoU 0.7; P and R at the confidence maximising mean F1 on this same split (Ultralytics convention), not at the operating confidence"
p1_baseline_yolo11s_20261007T175540Z,2026-10-07,74dc92ae82,1,yolo11s,weights/best.pt@c3fc0bb3351b,fp32,cpu,construction-ppe,val,clean,no_boots,map50,0.292955,4,0,python -m ppe.eval --config configs/eval/baseline_yolo11s_test.yaml,"Ultralytics val, conf 0.001, NMS IoU 0.7; P and R at the confidence maximising mean F1 on this same split (Ultralytics convention), not at the operating confidence"
p1_baseline_yolo11s_20261007T175540Z,2026-10-07,74dc92ae82,1,yolo11s,weights/best.pt@c3fc0bb3351b,fp32,cpu,construction-ppe,val,clean,no_boots,map50_95,0.083740,4,0,python -m ppe.eval --config configs/eval/baseline_yolo11s_test.yaml,"Ultralytics val, conf 0.001, NMS IoU 0.7; P and R at the confidence maximising mean F1 on this same split (Ultralytics convention), not at the operating confidence"
p1_baseline_yolo11s_20261007T175540Z,2026-10-07,74dc92ae82,1,yolo11s,weights/best.pt@c3fc0bb3351b,fp32,cpu,construction-ppe,val,clean,no_boots,precision_ul,1.000000,4,0,python -m ppe.eval --config configs/eval/baseline_yolo11s_test.yaml,"Ultralytics val, conf 0.001, NMS IoU 0.7; P and R at the confidence maximising mean F1 on this same split (Ultralytics convention), not at the operating confidence"
p1_baseline_yolo11s_20261007T175540Z,2026-10-07,74dc92ae82,1,yolo11s,weights/best.pt@c3fc0bb3351b,fp32,cpu,construction-ppe,val,clean,no_boots,recall_ul,0.000000,4,0,python -m ppe.eval --config configs/eval/baseline_yolo11s_test.yaml,"Ultralytics val, conf 0.001, NMS IoU 0.7; P and R at the confidence maximising mean F1 on this same split (Ultralytics convention), not at the operating confidence"
p1_baseline_yolo11s_20261007T175540Z,2026-10-07,74dc92ae82,1,yolo11s,weights/best.pt@c3fc0bb3351b,fp32,cpu,construction-ppe,test,clean,all,map50,0.570157,1251,0,python -m ppe.eval --config configs/eval/baseline_yolo11s_test.yaml,"141 images; Ultralytics val, conf 0.001, NMS IoU 0.7; P and R at the confidence maximising mean F1 on this same split (Ultralytics convention), not at the operating confidence; golden=golden_v1 verified"
p1_baseline_yolo11s_20261007T175540Z,2026-10-07,74dc92ae82,1,yolo11s,weights/best.pt@c3fc0bb3351b,fp32,cpu,construction-ppe,test,clean,all,map50_95,0.290262,1251,0,python -m ppe.eval --config configs/eval/baseline_yolo11s_test.yaml,"141 images; Ultralytics val, conf 0.001, NMS IoU 0.7; P and R at the confidence maximising mean F1 on this same split (Ultralytics convention), not at the operating confidence; golden=golden_v1 verified"
p1_baseline_yolo11s_20261007T175540Z,2026-10-07,74dc92ae82,1,yolo11s,weights/best.pt@c3fc0bb3351b,fp32,cpu,construction-ppe,test,clean,all,precision_ul,0.635571,1251,0,python -m ppe.eval --config configs/eval/baseline_yolo11s_test.yaml,"Ultralytics val, conf 0.001, NMS IoU 0.7; P and R at the confidence maximising mean F1 on this same split (Ultralytics convention), not at the operating confidence; golden=golden_v1 verified"
p1_baseline_yolo11s_20261007T175540Z,2026-10-07,74dc92ae82,1,yolo11s,weights/best.pt@c3fc0bb3351b,fp32,cpu,construction-ppe,test,clean,all,recall_ul,0.545946,1251,0,python -m ppe.eval --config configs/eval/baseline_yolo11s_test.yaml,"Ultralytics val, conf 0.001, NMS IoU 0.7; P and R at the confidence maximising mean F1 on this same split (Ultralytics convention), not at the operating confidence; golden=golden_v1 verified"
p1_baseline_yolo11s_20261007T175540Z,2026-10-07,74dc92ae82,1,yolo11s,weights/best.pt@c3fc0bb3351b,fp32,cpu,construction-ppe,test,clean,helmet,map50,0.944660,192,0,python -m ppe.eval --config configs/eval/baseline_yolo11s_test.yaml,"Ultralytics val, conf 0.001, NMS IoU 0.7; P and R at the confidence maximising mean F1 on this same split (Ultralytics convention), not at the operating confidence; golden=golden_v1 verified"
p1_baseline_yolo11s_20261007T175540Z,2026-10-07,74dc92ae82,1,yolo11s,weights/best.pt@c3fc0bb3351b,fp32,cpu,construction-ppe,test,clean,helmet,map50_95,0.514563,192,0,python -m ppe.eval --config configs/eval/baseline_yolo11s_test.yaml,"Ultralytics val, conf 0.001, NMS IoU 0.7; P and R at the confidence maximising mean F1 on this same split (Ultralytics convention), not at the operating confidence; golden=golden_v1 verified"
p1_baseline_yolo11s_20261007T175540Z,2026-10-07,74dc92ae82,1,yolo11s,weights/best.pt@c3fc0bb3351b,fp32,cpu,construction-ppe,test,clean,helmet,precision_ul,0.953398,192,0,python -m ppe.eval --config configs/eval/baseline_yolo11s_test.yaml,"Ultralytics val, conf 0.001, NMS IoU 0.7; P and R at the confidence maximising mean F1 on this same split (Ultralytics convention), not at the operating confidence; golden=golden_v1 verified"
p1_baseline_yolo11s_20261007T175540Z,2026-10-07,74dc92ae82,1,yolo11s,weights/best.pt@c3fc0bb3351b,fp32,cpu,construction-ppe,test,clean,helmet,recall_ul,0.916667,192,0,python -m ppe.eval --config configs/eval/baseline_yolo11s_test.yaml,"Ultralytics val, conf 0.001, NMS IoU 0.7; P and R at the confidence maximising mean F1 on this same split (Ultralytics convention), not at the operating confidence; golden=golden_v1 verified"
p1_baseline_yolo11s_20261007T175540Z,2026-10-07,74dc92ae82,1,yolo11s,weights/best.pt@c3fc0bb3351b,fp32,cpu,construction-ppe,test,clean,gloves,map50,0.800971,163,0,python -m ppe.eval --config configs/eval/baseline_yolo11s_test.yaml,"Ultralytics val, conf 0.001, NMS IoU 0.7; P and R at the confidence maximising mean F1 on this same split (Ultralytics convention), not at the operating confidence; golden=golden_v1 verified"
p1_baseline_yolo11s_20261007T175540Z,2026-10-07,74dc92ae82,1,yolo11s,weights/best.pt@c3fc0bb3351b,fp32,cpu,construction-ppe,test,clean,gloves,map50_95,0.400750,163,0,python -m ppe.eval --config configs/eval/baseline_yolo11s_test.yaml,"Ultralytics val, conf 0.001, NMS IoU 0.7; P and R at the confidence maximising mean F1 on this same split (Ultralytics convention), not at the operating confidence; golden=golden_v1 verified"
p1_baseline_yolo11s_20261007T175540Z,2026-10-07,74dc92ae82,1,yolo11s,weights/best.pt@c3fc0bb3351b,fp32,cpu,construction-ppe,test,clean,gloves,precision_ul,0.905777,163,0,python -m ppe.eval --config configs/eval/baseline_yolo11s_test.yaml,"Ultralytics val, conf 0.001, NMS IoU 0.7; P and R at the confidence maximising mean F1 on this same split (Ultralytics convention), not at the operating confidence; golden=golden_v1 verified"
p1_baseline_yolo11s_20261007T175540Z,2026-10-07,74dc92ae82,1,yolo11s,weights/best.pt@c3fc0bb3351b,fp32,cpu,construction-ppe,test,clean,gloves,recall_ul,0.773006,163,0,python -m ppe.eval --config configs/eval/baseline_yolo11s_test.yaml,"Ultralytics val, conf 0.001, NMS IoU 0.7; P and R at the confidence maximising mean F1 on this same split (Ultralytics convention), not at the operating confidence; golden=golden_v1 verified"
p1_baseline_yolo11s_20261007T175540Z,2026-10-07,74dc92ae82,1,yolo11s,weights/best.pt@c3fc0bb3351b,fp32,cpu,construction-ppe,test,clean,vest,map50,0.911252,178,0,python -m ppe.eval --config configs/eval/baseline_yolo11s_test.yaml,"Ultralytics val, conf 0.001, NMS IoU 0.7; P and R at the confidence maximising mean F1 on this same split (Ultralytics convention), not at the operating confidence; golden=golden_v1 verified"
p1_baseline_yolo11s_20261007T175540Z,2026-10-07,74dc92ae82,1,yolo11s,weights/best.pt@c3fc0bb3351b,fp32,cpu,construction-ppe,test,clean,vest,map50_95,0.621163,178,0,python -m ppe.eval --config configs/eval/baseline_yolo11s_test.yaml,"Ultralytics val, conf 0.001, NMS IoU 0.7; P and R at the confidence maximising mean F1 on this same split (Ultralytics convention), not at the operating confidence; golden=golden_v1 verified"
p1_baseline_yolo11s_20261007T175540Z,2026-10-07,74dc92ae82,1,yolo11s,weights/best.pt@c3fc0bb3351b,fp32,cpu,construction-ppe,test,clean,vest,precision_ul,0.844304,178,0,python -m ppe.eval --config configs/eval/baseline_yolo11s_test.yaml,"Ultralytics val, conf 0.001, NMS IoU 0.7; P and R at the confidence maximising mean F1 on this same split (Ultralytics convention), not at the operating confidence; golden=golden_v1 verified"
p1_baseline_yolo11s_20261007T175540Z,2026-10-07,74dc92ae82,1,yolo11s,weights/best.pt@c3fc0bb3351b,fp32,cpu,construction-ppe,test,clean,vest,recall_ul,0.883489,178,0,python -m ppe.eval --config configs/eval/baseline_yolo11s_test.yaml,"Ultralytics val, conf 0.001, NMS IoU 0.7; P and R at the confidence maximising mean F1 on this same split (Ultralytics convention), not at the operating confidence; golden=golden_v1 verified"
p1_baseline_yolo11s_20261007T175540Z,2026-10-07,74dc92ae82,1,yolo11s,weights/best.pt@c3fc0bb3351b,fp32,cpu,construction-ppe,test,clean,boots,map50,0.735087,211,0,python -m ppe.eval --config configs/eval/baseline_yolo11s_test.yaml,"Ultralytics val, conf 0.001, NMS IoU 0.7; P and R at the confidence maximising mean F1 on this same split (Ultralytics convention), not at the operating confidence; golden=golden_v1 verified"
p1_baseline_yolo11s_20261007T175540Z,2026-10-07,74dc92ae82,1,yolo11s,weights/best.pt@c3fc0bb3351b,fp32,cpu,construction-ppe,test,clean,boots,map50_95,0.390214,211,0,python -m ppe.eval --config configs/eval/baseline_yolo11s_test.yaml,"Ultralytics val, conf 0.001, NMS IoU 0.7; P and R at the confidence maximising mean F1 on this same split (Ultralytics convention), not at the operating confidence; golden=golden_v1 verified"
p1_baseline_yolo11s_20261007T175540Z,2026-10-07,74dc92ae82,1,yolo11s,weights/best.pt@c3fc0bb3351b,fp32,cpu,construction-ppe,test,clean,boots,precision_ul,0.718253,211,0,python -m ppe.eval --config configs/eval/baseline_yolo11s_test.yaml,"Ultralytics val, conf 0.001, NMS IoU 0.7; P and R at the confidence maximising mean F1 on this same split (Ultralytics convention), not at the operating confidence; golden=golden_v1 verified"
p1_baseline_yolo11s_20261007T175540Z,2026-10-07,74dc92ae82,1,yolo11s,weights/best.pt@c3fc0bb3351b,fp32,cpu,construction-ppe,test,clean,boots,recall_ul,0.676592,211,0,python -m ppe.eval --config configs/eval/baseline_yolo11s_test.yaml,"Ultralytics val, conf 0.001, NMS IoU 0.7; P and R at the confidence maximising mean F1 on this same split (Ultralytics convention), not at the operating confidence; golden=golden_v1 verified"
p1_baseline_yolo11s_20261007T175540Z,2026-10-07,74dc92ae82,1,yolo11s,weights/best.pt@c3fc0bb3351b,fp32,cpu,construction-ppe,test,clean,goggles,map50,0.809488,52,0,python -m ppe.eval --config configs/eval/baseline_yolo11s_test.yaml,"Ultralytics val, conf 0.001, NMS IoU 0.7; P and R at the confidence maximising mean F1 on this same split (Ultralytics convention), not at the operating confidence; golden=golden_v1 verified"
p1_baseline_yolo11s_20261007T175540Z,2026-10-07,74dc92ae82,1,yolo11s,weights/best.pt@c3fc0bb3351b,fp32,cpu,construction-ppe,test,clean,goggles,map50_95,0.333991,52,0,python -m ppe.eval --config configs/eval/baseline_yolo11s_test.yaml,"Ultralytics val, conf 0.001, NMS IoU 0.7; P and R at the confidence maximising mean F1 on this same split (Ultralytics convention), not at the operating confidence; golden=golden_v1 verified"
p1_baseline_yolo11s_20261007T175540Z,2026-10-07,74dc92ae82,1,yolo11s,weights/best.pt@c3fc0bb3351b,fp32,cpu,construction-ppe,test,clean,goggles,precision_ul,0.826685,52,0,python -m ppe.eval --config configs/eval/baseline_yolo11s_test.yaml,"Ultralytics val, conf 0.001, NMS IoU 0.7; P and R at the confidence maximising mean F1 on this same split (Ultralytics convention), not at the operating confidence; golden=golden_v1 verified"
p1_baseline_yolo11s_20261007T175540Z,2026-10-07,74dc92ae82,1,yolo11s,weights/best.pt@c3fc0bb3351b,fp32,cpu,construction-ppe,test,clean,goggles,recall_ul,0.750000,52,0,python -m ppe.eval --config configs/eval/baseline_yolo11s_test.yaml,"Ultralytics val, conf 0.001, NMS IoU 0.7; P and R at the confidence maximising mean F1 on this same split (Ultralytics convention), not at the operating confidence; golden=golden_v1 verified"
p1_baseline_yolo11s_20261007T175540Z,2026-10-07,74dc92ae82,1,yolo11s,weights/best.pt@c3fc0bb3351b,fp32,cpu,construction-ppe,test,clean,none,map50,0.423721,65,0,python -m ppe.eval --config configs/eval/baseline_yolo11s_test.yaml,"Ultralytics val, conf 0.001, NMS IoU 0.7; P and R at the confidence maximising mean F1 on this same split (Ultralytics convention), not at the operating confidence; golden=golden_v1 verified"
p1_baseline_yolo11s_20261007T175540Z,2026-10-07,74dc92ae82,1,yolo11s,weights/best.pt@c3fc0bb3351b,fp32,cpu,construction-ppe,test,clean,none,map50_95,0.142206,65,0,python -m ppe.eval --config configs/eval/baseline_yolo11s_test.yaml,"Ultralytics val, conf 0.001, NMS IoU 0.7; P and R at the confidence maximising mean F1 on this same split (Ultralytics convention), not at the operating confidence; golden=golden_v1 verified"
p1_baseline_yolo11s_20261007T175540Z,2026-10-07,74dc92ae82,1,yolo11s,weights/best.pt@c3fc0bb3351b,fp32,cpu,construction-ppe,test,clean,none,precision_ul,0.468883,65,0,python -m ppe.eval --config configs/eval/baseline_yolo11s_test.yaml,"Ultralytics val, conf 0.001, NMS IoU 0.7; P and R at the confidence maximising mean F1 on this same split (Ultralytics convention), not at the operating confidence; golden=golden_v1 verified"
p1_baseline_yolo11s_20261007T175540Z,2026-10-07,74dc92ae82,1,yolo11s,weights/best.pt@c3fc0bb3351b,fp32,cpu,construction-ppe,test,clean,none,recall_ul,0.523077,65,0,python -m ppe.eval --config configs/eval/baseline_yolo11s_test.yaml,"Ultralytics val, conf 0.001, NMS IoU 0.7; P and R at the confidence maximising mean F1 on this same split (Ultralytics convention), not at the operating confidence; golden=golden_v1 verified"
p1_baseline_yolo11s_20261007T175540Z,2026-10-07,74dc92ae82,1,yolo11s,weights/best.pt@c3fc0bb3351b,fp32,cpu,construction-ppe,test,clean,person,map50,0.849960,236,0,python -m ppe.eval --config configs/eval/baseline_yolo11s_test.yaml,"Ultralytics val, conf 0.001, NMS IoU 0.7; P and R at the confidence maximising mean F1 on this same split (Ultralytics convention), not at the operating confidence; golden=golden_v1 verified"
p1_baseline_yolo11s_20261007T175540Z,2026-10-07,74dc92ae82,1,yolo11s,weights/best.pt@c3fc0bb3351b,fp32,cpu,construction-ppe,test,clean,person,map50_95,0.542493,236,0,python -m ppe.eval --config configs/eval/baseline_yolo11s_test.yaml,"Ultralytics val, conf 0.001, NMS IoU 0.7; P and R at the confidence maximising mean F1 on this same split (Ultralytics convention), not at the operating confidence; golden=golden_v1 verified"
p1_baseline_yolo11s_20261007T175540Z,2026-10-07,74dc92ae82,1,yolo11s,weights/best.pt@c3fc0bb3351b,fp32,cpu,construction-ppe,test,clean,person,precision_ul,0.836995,236,0,python -m ppe.eval --config configs/eval/baseline_yolo11s_test.yaml,"Ultralytics val, conf 0.001, NMS IoU 0.7; P and R at the confidence maximising mean F1 on this same split (Ultralytics convention), not at the operating confidence; golden=golden_v1 verified"
p1_baseline_yolo11s_20261007T175540Z,2026-10-07,74dc92ae82,1,yolo11s,weights/best.pt@c3fc0bb3351b,fp32,cpu,construction-ppe,test,clean,person,recall_ul,0.813559,236,0,python -m ppe.eval --config configs/eval/baseline_yolo11s_test.yaml,"Ultralytics val, conf 0.001, NMS IoU 0.7; P and R at the confidence maximising mean F1 on this same split (Ultralytics convention), not at the operating confidence; golden=golden_v1 verified"
p1_baseline_yolo11s_20261007T175540Z,2026-10-07,74dc92ae82,1,yolo11s,weights/best.pt@c3fc0bb3351b,fp32,cpu,construction-ppe,test,clean,no_helmet,map50,0.278326,40,0,python -m ppe.eval --config configs/eval/baseline_yolo11s_test.yaml,"Ultralytics val, conf 0.001, NMS IoU 0.7; P and R at the confidence maximising mean F1 on this same split (Ultralytics convention), not at the operating confidence; golden=golden_v1 verified"
p1_baseline_yolo11s_20261007T175540Z,2026-10-07,74dc92ae82,1,yolo11s,weights/best.pt@c3fc0bb3351b,fp32,cpu,construction-ppe,test,clean,no_helmet,map50_95,0.084880,40,0,python -m ppe.eval --config configs/eval/baseline_yolo11s_test.yaml,"Ultralytics val, conf 0.001, NMS IoU 0.7; P and R at the confidence maximising mean F1 on this same split (Ultralytics convention), not at the operating confidence; golden=golden_v1 verified"
p1_baseline_yolo11s_20261007T175540Z,2026-10-07,74dc92ae82,1,yolo11s,weights/best.pt@c3fc0bb3351b,fp32,cpu,construction-ppe,test,clean,no_helmet,precision_ul,0.437784,40,0,python -m ppe.eval --config configs/eval/baseline_yolo11s_test.yaml,"Ultralytics val, conf 0.001, NMS IoU 0.7; P and R at the confidence maximising mean F1 on this same split (Ultralytics convention), not at the operating confidence; golden=golden_v1 verified"
p1_baseline_yolo11s_20261007T175540Z,2026-10-07,74dc92ae82,1,yolo11s,weights/best.pt@c3fc0bb3351b,fp32,cpu,construction-ppe,test,clean,no_helmet,recall_ul,0.250000,40,0,python -m ppe.eval --config configs/eval/baseline_yolo11s_test.yaml,"Ultralytics val, conf 0.001, NMS IoU 0.7; P and R at the confidence maximising mean F1 on this same split (Ultralytics convention), not at the operating confidence; golden=golden_v1 verified"
p1_baseline_yolo11s_20261007T175540Z,2026-10-07,74dc92ae82,1,yolo11s,weights/best.pt@c3fc0bb3351b,fp32,cpu,construction-ppe,test,clean,no_goggle,map50,0.269706,33,0,python -m ppe.eval --config configs/eval/baseline_yolo11s_test.yaml,"Ultralytics val, conf 0.001, NMS IoU 0.7; P and R at the confidence maximising mean F1 on this same split (Ultralytics convention), not at the operating confidence; golden=golden_v1 verified"
p1_baseline_yolo11s_20261007T175540Z,2026-10-07,74dc92ae82,1,yolo11s,weights/best.pt@c3fc0bb3351b,fp32,cpu,construction-ppe,test,clean,no_goggle,map50_95,0.085714,33,0,python -m ppe.eval --config configs/eval/baseline_yolo11s_test.yaml,"Ultralytics val, conf 0.001, NMS IoU 0.7; P and R at the confidence maximising mean F1 on this same split (Ultralytics convention), not at the operating confidence; golden=golden_v1 verified"
p1_baseline_yolo11s_20261007T175540Z,2026-10-07,74dc92ae82,1,yolo11s,weights/best.pt@c3fc0bb3351b,fp32,cpu,construction-ppe,test,clean,no_goggle,precision_ul,0.540448,33,0,python -m ppe.eval --config configs/eval/baseline_yolo11s_test.yaml,"Ultralytics val, conf 0.001, NMS IoU 0.7; P and R at the confidence maximising mean F1 on this same split (Ultralytics convention), not at the operating confidence; golden=golden_v1 verified"
p1_baseline_yolo11s_20261007T175540Z,2026-10-07,74dc92ae82,1,yolo11s,weights/best.pt@c3fc0bb3351b,fp32,cpu,construction-ppe,test,clean,no_goggle,recall_ul,0.212121,33,0,python -m ppe.eval --config configs/eval/baseline_yolo11s_test.yaml,"Ultralytics val, conf 0.001, NMS IoU 0.7; P and R at the confidence maximising mean F1 on this same split (Ultralytics convention), not at the operating confidence; golden=golden_v1 verified"
p1_baseline_yolo11s_20261007T175540Z,2026-10-07,74dc92ae82,1,yolo11s,weights/best.pt@c3fc0bb3351b,fp32,cpu,construction-ppe,test,clean,no_gloves,map50,0.228509,58,0,python -m ppe.eval --config configs/eval/baseline_yolo11s_test.yaml,"Ultralytics val, conf 0.001, NMS IoU 0.7; P and R at the confidence maximising mean F1 on this same split (Ultralytics convention), not at the operating confidence; golden=golden_v1 verified"
p1_baseline_yolo11s_20261007T175540Z,2026-10-07,74dc92ae82,1,yolo11s,weights/best.pt@c3fc0bb3351b,fp32,cpu,construction-ppe,test,clean,no_gloves,map50_95,0.070170,58,0,python -m ppe.eval --config configs/eval/baseline_yolo11s_test.yaml,"Ultralytics val, conf 0.001, NMS IoU 0.7; P and R at the confidence maximising mean F1 on this same split (Ultralytics convention), not at the operating confidence; golden=golden_v1 verified"
p1_baseline_yolo11s_20261007T175540Z,2026-10-07,74dc92ae82,1,yolo11s,weights/best.pt@c3fc0bb3351b,fp32,cpu,construction-ppe,test,clean,no_gloves,precision_ul,0.458753,58,0,python -m ppe.eval --config configs/eval/baseline_yolo11s_test.yaml,"Ultralytics val, conf 0.001, NMS IoU 0.7; P and R at the confidence maximising mean F1 on this same split (Ultralytics convention), not at the operating confidence; golden=golden_v1 verified"
p1_baseline_yolo11s_20261007T175540Z,2026-10-07,74dc92ae82,1,yolo11s,weights/best.pt@c3fc0bb3351b,fp32,cpu,construction-ppe,test,clean,no_gloves,recall_ul,0.206897,58,0,python -m ppe.eval --config configs/eval/baseline_yolo11s_test.yaml,"Ultralytics val, conf 0.001, NMS IoU 0.7; P and R at the confidence maximising mean F1 on this same split (Ultralytics convention), not at the operating confidence; golden=golden_v1 verified"
p1_baseline_yolo11s_20261007T175540Z,2026-10-07,74dc92ae82,1,yolo11s,weights/best.pt@c3fc0bb3351b,fp32,cpu,construction-ppe,test,clean,no_boots,map50,0.020046,23,0,python -m ppe.eval --config configs/eval/baseline_yolo11s_test.yaml,"Ultralytics val, conf 0.001, NMS IoU 0.7; P and R at the confidence maximising mean F1 on this same split (Ultralytics convention), not at the operating confidence; golden=golden_v1 verified"
p1_baseline_yolo11s_20261007T175540Z,2026-10-07,74dc92ae82,1,yolo11s,weights/best.pt@c3fc0bb3351b,fp32,cpu,construction-ppe,test,clean,no_boots,map50_95,0.006740,23,0,python -m ppe.eval --config configs/eval/baseline_yolo11s_test.yaml,"Ultralytics val, conf 0.001, NMS IoU 0.7; P and R at the confidence maximising mean F1 on this same split (Ultralytics convention), not at the operating confidence; golden=golden_v1 verified"
p1_baseline_yolo11s_20261007T175540Z,2026-10-07,74dc92ae82,1,yolo11s,weights/best.pt@c3fc0bb3351b,fp32,cpu,construction-ppe,test,clean,no_boots,precision_ul,0.000000,23,0,python -m ppe.eval --config configs/eval/baseline_yolo11s_test.yaml,"Ultralytics val, conf 0.001, NMS IoU 0.7; P and R at the confidence maximising mean F1 on this same split (Ultralytics convention), not at the operating confidence; golden=golden_v1 verified"
p1_baseline_yolo11s_20261007T175540Z,2026-10-07,74dc92ae82,1,yolo11s,weights/best.pt@c3fc0bb3351b,fp32,cpu,construction-ppe,test,clean,no_boots,recall_ul,0.000000,23,0,python -m ppe.eval --config configs/eval/baseline_yolo11s_test.yaml,"Ultralytics val, conf 0.001, NMS IoU 0.7; P and R at the confidence maximising mean F1 on this same split (Ultralytics convention), not at the operating confidence; golden=golden_v1 verified"
p1_baseline_yolo11s_20261007T175540Z,2026-10-07,74dc92ae82,1,yolo11s,weights/best.pt@c3fc0bb3351b,fp32,cpu,construction-ppe,val,clean,all,operating_conf,0.280000,1172,0,python -m ppe.eval --config configs/eval/baseline_yolo11s_test.yaml,argmax over conf 0.05..0.95 step 0.01 of macro F1 over classes at IoU 0.5; macro F1 at it = 0.6425. Chosen on val only.
p1_baseline_yolo11s_20261007T175540Z,2026-10-07,74dc92ae82,1,yolo11s,weights/best.pt@c3fc0bb3351b,fp32,cpu,construction-ppe,val,clean,helmet,precision,0.873684,201,0,python -m ppe.eval --config configs/eval/baseline_yolo11s_test.yaml,"deployed predict path, conf >= 0.28 (chosen on val), match IoU 0.5; tp=166 fp=24 fn=35"
p1_baseline_yolo11s_20261007T175540Z,2026-10-07,74dc92ae82,1,yolo11s,weights/best.pt@c3fc0bb3351b,fp32,cpu,construction-ppe,val,clean,helmet,recall,0.825871,201,0,python -m ppe.eval --config configs/eval/baseline_yolo11s_test.yaml,"deployed predict path, conf >= 0.28 (chosen on val), match IoU 0.5; tp=166 fp=24 fn=35"
p1_baseline_yolo11s_20261007T175540Z,2026-10-07,74dc92ae82,1,yolo11s,weights/best.pt@c3fc0bb3351b,fp32,cpu,construction-ppe,val,clean,helmet,f1,0.849105,201,0,python -m ppe.eval --config configs/eval/baseline_yolo11s_test.yaml,"deployed predict path, conf >= 0.28 (chosen on val), match IoU 0.5; tp=166 fp=24 fn=35"
p1_baseline_yolo11s_20261007T175540Z,2026-10-07,74dc92ae82,1,yolo11s,weights/best.pt@c3fc0bb3351b,fp32,cpu,construction-ppe,val,clean,helmet,ap50_predict,0.837877,201,0,python -m ppe.eval --config configs/eval/baseline_yolo11s_test.yaml,AP@0.5 recomputed from the predict path (cross-check of Ultralytics map50)
p1_baseline_yolo11s_20261007T175540Z,2026-10-07,74dc92ae82,1,yolo11s,weights/best.pt@c3fc0bb3351b,fp32,cpu,construction-ppe,val,clean,gloves,precision,0.811024,136,0,python -m ppe.eval --config configs/eval/baseline_yolo11s_test.yaml,"deployed predict path, conf >= 0.28 (chosen on val), match IoU 0.5; tp=103 fp=24 fn=33"
p1_baseline_yolo11s_20261007T175540Z,2026-10-07,74dc92ae82,1,yolo11s,weights/best.pt@c3fc0bb3351b,fp32,cpu,construction-ppe,val,clean,gloves,recall,0.757353,136,0,python -m ppe.eval --config configs/eval/baseline_yolo11s_test.yaml,"deployed predict path, conf >= 0.28 (chosen on val), match IoU 0.5; tp=103 fp=24 fn=33"
p1_baseline_yolo11s_20261007T175540Z,2026-10-07,74dc92ae82,1,yolo11s,weights/best.pt@c3fc0bb3351b,fp32,cpu,construction-ppe,val,clean,gloves,f1,0.783270,136,0,python -m ppe.eval --config configs/eval/baseline_yolo11s_test.yaml,"deployed predict path, conf >= 0.28 (chosen on val), match IoU 0.5; tp=103 fp=24 fn=33"
p1_baseline_yolo11s_20261007T175540Z,2026-10-07,74dc92ae82,1,yolo11s,weights/best.pt@c3fc0bb3351b,fp32,cpu,construction-ppe,val,clean,gloves,ap50_predict,0.812731,136,0,python -m ppe.eval --config configs/eval/baseline_yolo11s_test.yaml,AP@0.5 recomputed from the predict path (cross-check of Ultralytics map50)
p1_baseline_yolo11s_20261007T175540Z,2026-10-07,74dc92ae82,1,yolo11s,weights/best.pt@c3fc0bb3351b,fp32,cpu,construction-ppe,val,clean,vest,precision,0.847561,171,0,python -m ppe.eval --config configs/eval/baseline_yolo11s_test.yaml,"deployed predict path, conf >= 0.28 (chosen on val), match IoU 0.5; tp=139 fp=25 fn=32"
p1_baseline_yolo11s_20261007T175540Z,2026-10-07,74dc92ae82,1,yolo11s,weights/best.pt@c3fc0bb3351b,fp32,cpu,construction-ppe,val,clean,vest,recall,0.812865,171,0,python -m ppe.eval --config configs/eval/baseline_yolo11s_test.yaml,"deployed predict path, conf >= 0.28 (chosen on val), match IoU 0.5; tp=139 fp=25 fn=32"
p1_baseline_yolo11s_20261007T175540Z,2026-10-07,74dc92ae82,1,yolo11s,weights/best.pt@c3fc0bb3351b,fp32,cpu,construction-ppe,val,clean,vest,f1,0.829851,171,0,python -m ppe.eval --config configs/eval/baseline_yolo11s_test.yaml,"deployed predict path, conf >= 0.28 (chosen on val), match IoU 0.5; tp=139 fp=25 fn=32"
p1_baseline_yolo11s_20261007T175540Z,2026-10-07,74dc92ae82,1,yolo11s,weights/best.pt@c3fc0bb3351b,fp32,cpu,construction-ppe,val,clean,vest,ap50_predict,0.865762,171,0,python -m ppe.eval --config configs/eval/baseline_yolo11s_test.yaml,AP@0.5 recomputed from the predict path (cross-check of Ultralytics map50)
p1_baseline_yolo11s_20261007T175540Z,2026-10-07,74dc92ae82,1,yolo11s,weights/best.pt@c3fc0bb3351b,fp32,cpu,construction-ppe,val,clean,boots,precision,0.766667,151,0,python -m ppe.eval --config configs/eval/baseline_yolo11s_test.yaml,"deployed predict path, conf >= 0.28 (chosen on val), match IoU 0.5; tp=115 fp=35 fn=36"
p1_baseline_yolo11s_20261007T175540Z,2026-10-07,74dc92ae82,1,yolo11s,weights/best.pt@c3fc0bb3351b,fp32,cpu,construction-ppe,val,clean,boots,recall,0.761589,151,0,python -m ppe.eval --config configs/eval/baseline_yolo11s_test.yaml,"deployed predict path, conf >= 0.28 (chosen on val), match IoU 0.5; tp=115 fp=35 fn=36"
p1_baseline_yolo11s_20261007T175540Z,2026-10-07,74dc92ae82,1,yolo11s,weights/best.pt@c3fc0bb3351b,fp32,cpu,construction-ppe,val,clean,boots,f1,0.764120,151,0,python -m ppe.eval --config configs/eval/baseline_yolo11s_test.yaml,"deployed predict path, conf >= 0.28 (chosen on val), match IoU 0.5; tp=115 fp=35 fn=36"
p1_baseline_yolo11s_20261007T175540Z,2026-10-07,74dc92ae82,1,yolo11s,weights/best.pt@c3fc0bb3351b,fp32,cpu,construction-ppe,val,clean,boots,ap50_predict,0.783694,151,0,python -m ppe.eval --config configs/eval/baseline_yolo11s_test.yaml,AP@0.5 recomputed from the predict path (cross-check of Ultralytics map50)
p1_baseline_yolo11s_20261007T175540Z,2026-10-07,74dc92ae82,1,yolo11s,weights/best.pt@c3fc0bb3351b,fp32,cpu,construction-ppe,val,clean,goggles,precision,0.860465,47,0,python -m ppe.eval --config configs/eval/baseline_yolo11s_test.yaml,"deployed predict path, conf >= 0.28 (chosen on val), match IoU 0.5; tp=37 fp=6 fn=10"
p1_baseline_yolo11s_20261007T175540Z,2026-10-07,74dc92ae82,1,yolo11s,weights/best.pt@c3fc0bb3351b,fp32,cpu,construction-ppe,val,clean,goggles,recall,0.787234,47,0,python -m ppe.eval --config configs/eval/baseline_yolo11s_test.yaml,"deployed predict path, conf >= 0.28 (chosen on val), match IoU 0.5; tp=37 fp=6 fn=10"
p1_baseline_yolo11s_20261007T175540Z,2026-10-07,74dc92ae82,1,yolo11s,weights/best.pt@c3fc0bb3351b,fp32,cpu,construction-ppe,val,clean,goggles,f1,0.822222,47,0,python -m ppe.eval --config configs/eval/baseline_yolo11s_test.yaml,"deployed predict path, conf >= 0.28 (chosen on val), match IoU 0.5; tp=37 fp=6 fn=10"
p1_baseline_yolo11s_20261007T175540Z,2026-10-07,74dc92ae82,1,yolo11s,weights/best.pt@c3fc0bb3351b,fp32,cpu,construction-ppe,val,clean,goggles,ap50_predict,0.797124,47,0,python -m ppe.eval --config configs/eval/baseline_yolo11s_test.yaml,AP@0.5 recomputed from the predict path (cross-check of Ultralytics map50)
p1_baseline_yolo11s_20261007T175540Z,2026-10-07,74dc92ae82,1,yolo11s,weights/best.pt@c3fc0bb3351b,fp32,cpu,construction-ppe,val,clean,none,precision,0.597561,81,0,python -m ppe.eval --config configs/eval/baseline_yolo11s_test.yaml,"deployed predict path, conf >= 0.28 (chosen on val), match IoU 0.5; tp=49 fp=33 fn=32"
p1_baseline_yolo11s_20261007T175540Z,2026-10-07,74dc92ae82,1,yolo11s,weights/best.pt@c3fc0bb3351b,fp32,cpu,construction-ppe,val,clean,none,recall,0.604938,81,0,python -m ppe.eval --config configs/eval/baseline_yolo11s_test.yaml,"deployed predict path, conf >= 0.28 (chosen on val), match IoU 0.5; tp=49 fp=33 fn=32"
p1_baseline_yolo11s_20261007T175540Z,2026-10-07,74dc92ae82,1,yolo11s,weights/best.pt@c3fc0bb3351b,fp32,cpu,construction-ppe,val,clean,none,f1,0.601227,81,0,python -m ppe.eval --config configs/eval/baseline_yolo11s_test.yaml,"deployed predict path, conf >= 0.28 (chosen on val), match IoU 0.5; tp=49 fp=33 fn=32"
p1_baseline_yolo11s_20261007T175540Z,2026-10-07,74dc92ae82,1,yolo11s,weights/best.pt@c3fc0bb3351b,fp32,cpu,construction-ppe,val,clean,none,ap50_predict,0.624369,81,0,python -m ppe.eval --config configs/eval/baseline_yolo11s_test.yaml,AP@0.5 recomputed from the predict path (cross-check of Ultralytics map50)
p1_baseline_yolo11s_20261007T175540Z,2026-10-07,74dc92ae82,1,yolo11s,weights/best.pt@c3fc0bb3351b,fp32,cpu,construction-ppe,val,clean,person,precision,0.868000,239,0,python -m ppe.eval --config configs/eval/baseline_yolo11s_test.yaml,"deployed predict path, conf >= 0.28 (chosen on val), match IoU 0.5; tp=217 fp=33 fn=22"
p1_baseline_yolo11s_20261007T175540Z,2026-10-07,74dc92ae82,1,yolo11s,weights/best.pt@c3fc0bb3351b,fp32,cpu,construction-ppe,val,clean,person,recall,0.907950,239,0,python -m ppe.eval --config configs/eval/baseline_yolo11s_test.yaml,"deployed predict path, conf >= 0.28 (chosen on val), match IoU 0.5; tp=217 fp=33 fn=22"
p1_baseline_yolo11s_20261007T175540Z,2026-10-07,74dc92ae82,1,yolo11s,weights/best.pt@c3fc0bb3351b,fp32,cpu,construction-ppe,val,clean,person,f1,0.887526,239,0,python -m ppe.eval --config configs/eval/baseline_yolo11s_test.yaml,"deployed predict path, conf >= 0.28 (chosen on val), match IoU 0.5; tp=217 fp=33 fn=22"
p1_baseline_yolo11s_20261007T175540Z,2026-10-07,74dc92ae82,1,yolo11s,weights/best.pt@c3fc0bb3351b,fp32,cpu,construction-ppe,val,clean,person,ap50_predict,0.928412,239,0,python -m ppe.eval --config configs/eval/baseline_yolo11s_test.yaml,AP@0.5 recomputed from the predict path (cross-check of Ultralytics map50)
p1_baseline_yolo11s_20261007T175540Z,2026-10-07,74dc92ae82,1,yolo11s,weights/best.pt@c3fc0bb3351b,fp32,cpu,construction-ppe,val,clean,no_helmet,precision,0.511628,45,0,python -m ppe.eval --config configs/eval/baseline_yolo11s_test.yaml,"deployed predict path, conf >= 0.28 (chosen on val), match IoU 0.5; tp=22 fp=21 fn=23"
p1_baseline_yolo11s_20261007T175540Z,2026-10-07,74dc92ae82,1,yolo11s,weights/best.pt@c3fc0bb3351b,fp32,cpu,construction-ppe,val,clean,no_helmet,recall,0.488889,45,0,python -m ppe.eval --config configs/eval/baseline_yolo11s_test.yaml,"deployed predict path, conf >= 0.28 (chosen on val), match IoU 0.5; tp=22 fp=21 fn=23"
p1_baseline_yolo11s_20261007T175540Z,2026-10-07,74dc92ae82,1,yolo11s,weights/best.pt@c3fc0bb3351b,fp32,cpu,construction-ppe,val,clean,no_helmet,f1,0.500000,45,0,python -m ppe.eval --config configs/eval/baseline_yolo11s_test.yaml,"deployed predict path, conf >= 0.28 (chosen on val), match IoU 0.5; tp=22 fp=21 fn=23"
p1_baseline_yolo11s_20261007T175540Z,2026-10-07,74dc92ae82,1,yolo11s,weights/best.pt@c3fc0bb3351b,fp32,cpu,construction-ppe,val,clean,no_helmet,ap50_predict,0.504260,45,0,python -m ppe.eval --config configs/eval/baseline_yolo11s_test.yaml,AP@0.5 recomputed from the predict path (cross-check of Ultralytics map50)
p1_baseline_yolo11s_20261007T175540Z,2026-10-07,74dc92ae82,1,yolo11s,weights/best.pt@c3fc0bb3351b,fp32,cpu,construction-ppe,val,clean,no_goggle,precision,0.562500,41,0,python -m ppe.eval --config configs/eval/baseline_yolo11s_test.yaml,"deployed predict path, conf >= 0.28 (chosen on val), match IoU 0.5; tp=9 fp=7 fn=32"
p1_baseline_yolo11s_20261007T175540Z,2026-10-07,74dc92ae82,1,yolo11s,weights/best.pt@c3fc0bb3351b,fp32,cpu,construction-ppe,val,clean,no_goggle,recall,0.219512,41,0,python -m ppe.eval --config configs/eval/baseline_yolo11s_test.yaml,"deployed predict path, conf >= 0.28 (chosen on val), match IoU 0.5; tp=9 fp=7 fn=32"
p1_baseline_yolo11s_20261007T175540Z,2026-10-07,74dc92ae82,1,yolo11s,weights/best.pt@c3fc0bb3351b,fp32,cpu,construction-ppe,val,clean,no_goggle,f1,0.315789,41,0,python -m ppe.eval --config configs/eval/baseline_yolo11s_test.yaml,"deployed predict path, conf >= 0.28 (chosen on val), match IoU 0.5; tp=9 fp=7 fn=32"
p1_baseline_yolo11s_20261007T175540Z,2026-10-07,74dc92ae82,1,yolo11s,weights/best.pt@c3fc0bb3351b,fp32,cpu,construction-ppe,val,clean,no_goggle,ap50_predict,0.247302,41,0,python -m ppe.eval --config configs/eval/baseline_yolo11s_test.yaml,AP@0.5 recomputed from the predict path (cross-check of Ultralytics map50)
p1_baseline_yolo11s_20261007T175540Z,2026-10-07,74dc92ae82,1,yolo11s,weights/best.pt@c3fc0bb3351b,fp32,cpu,construction-ppe,val,clean,no_gloves,precision,0.500000,56,0,python -m ppe.eval --config configs/eval/baseline_yolo11s_test.yaml,"deployed predict path, conf >= 0.28 (chosen on val), match IoU 0.5; tp=21 fp=21 fn=35"
p1_baseline_yolo11s_20261007T175540Z,2026-10-07,74dc92ae82,1,yolo11s,weights/best.pt@c3fc0bb3351b,fp32,cpu,construction-ppe,val,clean,no_gloves,recall,0.375000,56,0,python -m ppe.eval --config configs/eval/baseline_yolo11s_test.yaml,"deployed predict path, conf >= 0.28 (chosen on val), match IoU 0.5; tp=21 fp=21 fn=35"
p1_baseline_yolo11s_20261007T175540Z,2026-10-07,74dc92ae82,1,yolo11s,weights/best.pt@c3fc0bb3351b,fp32,cpu,construction-ppe,val,clean,no_gloves,f1,0.428571,56,0,python -m ppe.eval --config configs/eval/baseline_yolo11s_test.yaml,"deployed predict path, conf >= 0.28 (chosen on val), match IoU 0.5; tp=21 fp=21 fn=35"
p1_baseline_yolo11s_20261007T175540Z,2026-10-07,74dc92ae82,1,yolo11s,weights/best.pt@c3fc0bb3351b,fp32,cpu,construction-ppe,val,clean,no_gloves,ap50_predict,0.356490,56,0,python -m ppe.eval --config configs/eval/baseline_yolo11s_test.yaml,AP@0.5 recomputed from the predict path (cross-check of Ultralytics map50)
p1_baseline_yolo11s_20261007T175540Z,2026-10-07,74dc92ae82,1,yolo11s,weights/best.pt@c3fc0bb3351b,fp32,cpu,construction-ppe,val,clean,no_boots,precision,0.333333,4,0,python -m ppe.eval --config configs/eval/baseline_yolo11s_test.yaml,"deployed predict path, conf >= 0.28 (chosen on val), match IoU 0.5; tp=1 fp=2 fn=3"
p1_baseline_yolo11s_20261007T175540Z,2026-10-07,74dc92ae82,1,yolo11s,weights/best.pt@c3fc0bb3351b,fp32,cpu,construction-ppe,val,clean,no_boots,recall,0.250000,4,0,python -m ppe.eval --config configs/eval/baseline_yolo11s_test.yaml,"deployed predict path, conf >= 0.28 (chosen on val), match IoU 0.5; tp=1 fp=2 fn=3"
p1_baseline_yolo11s_20261007T175540Z,2026-10-07,74dc92ae82,1,yolo11s,weights/best.pt@c3fc0bb3351b,fp32,cpu,construction-ppe,val,clean,no_boots,f1,0.285714,4,0,python -m ppe.eval --config configs/eval/baseline_yolo11s_test.yaml,"deployed predict path, conf >= 0.28 (chosen on val), match IoU 0.5; tp=1 fp=2 fn=3"
p1_baseline_yolo11s_20261007T175540Z,2026-10-07,74dc92ae82,1,yolo11s,weights/best.pt@c3fc0bb3351b,fp32,cpu,construction-ppe,val,clean,no_boots,ap50_predict,0.199037,4,0,python -m ppe.eval --config configs/eval/baseline_yolo11s_test.yaml,AP@0.5 recomputed from the predict path (cross-check of Ultralytics map50)
p1_baseline_yolo11s_20261007T175540Z,2026-10-07,74dc92ae82,1,yolo11s,weights/best.pt@c3fc0bb3351b,fp32,cpu,construction-ppe,val,clean,all,precision,0.791892,1172,0,python -m ppe.eval --config configs/eval/baseline_yolo11s_test.yaml,"deployed predict path, conf >= 0.28 (chosen on val), match IoU 0.5; micro over classes"
p1_baseline_yolo11s_20261007T175540Z,2026-10-07,74dc92ae82,1,yolo11s,weights/best.pt@c3fc0bb3351b,fp32,cpu,construction-ppe,val,clean,all,recall,0.750000,1172,0,python -m ppe.eval --config configs/eval/baseline_yolo11s_test.yaml,"deployed predict path, conf >= 0.28 (chosen on val), match IoU 0.5; micro over classes"
p1_baseline_yolo11s_20261007T175540Z,2026-10-07,74dc92ae82,1,yolo11s,weights/best.pt@c3fc0bb3351b,fp32,cpu,construction-ppe,val,clean,all,macro_f1,0.642490,1172,0,python -m ppe.eval --config configs/eval/baseline_yolo11s_test.yaml,"deployed predict path, conf >= 0.28 (chosen on val), match IoU 0.5"
p1_baseline_yolo11s_20261007T175540Z,2026-10-07,74dc92ae82,1,yolo11s,weights/best.pt@c3fc0bb3351b,fp32,cpu,construction-ppe,val,clean,violation_classes,macro_recall,0.333350,146,0,python -m ppe.eval --config configs/eval/baseline_yolo11s_test.yaml,"deployed predict path, conf >= 0.28 (chosen on val), match IoU 0.5; unweighted mean of no_helmet, no_goggle, no_gloves, no_boots box recall"
p1_baseline_yolo11s_20261007T175540Z,2026-10-07,74dc92ae82,1,yolo11s,weights/best.pt@c3fc0bb3351b,fp32,cpu,construction-ppe,val,clean,person_any_violation,violation_recall,0.829787,47,0,python -m ppe.eval --config configs/eval/baseline_yolo11s_test.yaml,"deployed predict path, conf >= 0.28 (chosen on val), match IoU 0.5; per labelled person; 239 labelled persons, 22 not detected; 5 labelled no_* boxes outside every labelled person are not counted; flagged 39 of 47 labelled violators for any item (an alert for the person, not necessarily the right item)"
p1_baseline_yolo11s_20261007T175540Z,2026-10-07,74dc92ae82,1,yolo11s,weights/best.pt@c3fc0bb3351b,fp32,cpu,construction-ppe,val,clean,person_any_violation,false_alert_rate,0.093023,43,0,python -m ppe.eval --config configs/eval/baseline_yolo11s_test.yaml,"deployed predict path, conf >= 0.28 (chosen on val), match IoU 0.5; per labelled person; 239 labelled persons, 22 not detected; 5 labelled no_* boxes outside every labelled person are not counted; share of 43 predicted violation flags that do not match a labelled violation of the same item (1 - alert precision)"
p1_baseline_yolo11s_20261007T175540Z,2026-10-07,74dc92ae82,1,yolo11s,weights/best.pt@c3fc0bb3351b,fp32,cpu,construction-ppe,val,clean,person_no_helmet,violation_recall,0.711111,45,0,python -m ppe.eval --config configs/eval/baseline_yolo11s_test.yaml,"deployed predict path, conf >= 0.28 (chosen on val), match IoU 0.5; per labelled person; 239 labelled persons, 22 not detected; 5 labelled no_* boxes outside every labelled person are not counted; flagged 32 of 45 labelled violators for this item; the no_* box itself needs no IoU match, only the person"
p1_baseline_yolo11s_20261007T175540Z,2026-10-07,74dc92ae82,1,yolo11s,weights/best.pt@c3fc0bb3351b,fp32,cpu,construction-ppe,val,clean,person_no_helmet,false_alert_rate,0.111111,36,0,python -m ppe.eval --config configs/eval/baseline_yolo11s_test.yaml,"deployed predict path, conf >= 0.28 (chosen on val), match IoU 0.5; per labelled person; 239 labelled persons, 22 not detected; 5 labelled no_* boxes outside every labelled person are not counted; share of 36 predicted violation flags that do not match a labelled violation of the same item (1 - alert precision)"
p1_baseline_yolo11s_20261007T175540Z,2026-10-07,74dc92ae82,1,yolo11s,weights/best.pt@c3fc0bb3351b,fp32,cpu,construction-ppe,val,clean,person_no_gloves,violation_recall,0.545455,33,0,python -m ppe.eval --config configs/eval/baseline_yolo11s_test.yaml,"deployed predict path, conf >= 0.28 (chosen on val), match IoU 0.5; per labelled person; 239 labelled persons, 22 not detected; 5 labelled no_* boxes outside every labelled person are not counted; flagged 18 of 33 labelled violators for this item; the no_* box itself needs no IoU match, only the person"
p1_baseline_yolo11s_20261007T175540Z,2026-10-07,74dc92ae82,1,yolo11s,weights/best.pt@c3fc0bb3351b,fp32,cpu,construction-ppe,val,clean,person_no_gloves,false_alert_rate,0.217391,23,0,python -m ppe.eval --config configs/eval/baseline_yolo11s_test.yaml,"deployed predict path, conf >= 0.28 (chosen on val), match IoU 0.5; per labelled person; 239 labelled persons, 22 not detected; 5 labelled no_* boxes outside every labelled person are not counted; share of 23 predicted violation flags that do not match a labelled violation of the same item (1 - alert precision)"
p1_baseline_yolo11s_20261007T175540Z,2026-10-07,74dc92ae82,1,yolo11s,weights/best.pt@c3fc0bb3351b,fp32,cpu,construction-ppe,val,clean,person_no_boots,violation_recall,0.500000,2,0,python -m ppe.eval --config configs/eval/baseline_yolo11s_test.yaml,"deployed predict path, conf >= 0.28 (chosen on val), match IoU 0.5; per labelled person; 239 labelled persons, 22 not detected; 5 labelled no_* boxes outside every labelled person are not counted; flagged 1 of 2 labelled violators for this item; the no_* box itself needs no IoU match, only the person"
p1_baseline_yolo11s_20261007T175540Z,2026-10-07,74dc92ae82,1,yolo11s,weights/best.pt@c3fc0bb3351b,fp32,cpu,construction-ppe,val,clean,person_no_boots,false_alert_rate,0.500000,2,0,python -m ppe.eval --config configs/eval/baseline_yolo11s_test.yaml,"deployed predict path, conf >= 0.28 (chosen on val), match IoU 0.5; per labelled person; 239 labelled persons, 22 not detected; 5 labelled no_* boxes outside every labelled person are not counted; share of 2 predicted violation flags that do not match a labelled violation of the same item (1 - alert precision)"
p1_baseline_yolo11s_20261007T175540Z,2026-10-07,74dc92ae82,1,yolo11s,weights/best.pt@c3fc0bb3351b,fp32,cpu,construction-ppe,val,clean,person_no_goggle,violation_recall,0.317073,41,0,python -m ppe.eval --config configs/eval/baseline_yolo11s_test.yaml,"deployed predict path, conf >= 0.28 (chosen on val), match IoU 0.5; per labelled person; 239 labelled persons, 22 not detected; 5 labelled no_* boxes outside every labelled person are not counted; flagged 13 of 41 labelled violators for this item; the no_* box itself needs no IoU match, only the person"
p1_baseline_yolo11s_20261007T175540Z,2026-10-07,74dc92ae82,1,yolo11s,weights/best.pt@c3fc0bb3351b,fp32,cpu,construction-ppe,val,clean,person_no_goggle,false_alert_rate,0.000000,13,0,python -m ppe.eval --config configs/eval/baseline_yolo11s_test.yaml,"deployed predict path, conf >= 0.28 (chosen on val), match IoU 0.5; per labelled person; 239 labelled persons, 22 not detected; 5 labelled no_* boxes outside every labelled person are not counted; share of 13 predicted violation flags that do not match a labelled violation of the same item (1 - alert precision)"
p1_baseline_yolo11s_20261007T175540Z,2026-10-07,74dc92ae82,1,yolo11s,weights/best.pt@c3fc0bb3351b,fp32,cpu,construction-ppe,val,clean,person_any_violation,nonviolator_flag_rate,0.005208,192,0,python -m ppe.eval --config configs/eval/baseline_yolo11s_test.yaml,"deployed predict path, conf >= 0.28 (chosen on val), match IoU 0.5; per labelled person; 239 labelled persons, 22 not detected; 5 labelled no_* boxes outside every labelled person are not counted; labelled persons with no violation who were flagged for any item"
p1_baseline_yolo11s_20261007T175540Z,2026-10-07,74dc92ae82,1,yolo11s,weights/best.pt@c3fc0bb3351b,fp32,cpu,construction-ppe,val,clean,all,ap50_predict,0.632460,1172,0,python -m ppe.eval --config configs/eval/baseline_yolo11s_test.yaml,macro AP@0.5 from the predict path; compare with map50
p1_baseline_yolo11s_20261007T175540Z,2026-10-07,74dc92ae82,1,yolo11s,weights/best.pt@c3fc0bb3351b,fp32,cpu,construction-ppe,val,clean,all,ap50_predict_ci95_low,0.589773,143,0,python -m ppe.eval --config configs/eval/baseline_yolo11s_test.yaml,"95% percentile interval, 1000 bootstrap resamples of the 143 images, seed 0"
p1_baseline_yolo11s_20261007T175540Z,2026-10-07,74dc92ae82,1,yolo11s,weights/best.pt@c3fc0bb3351b,fp32,cpu,construction-ppe,val,clean,all,ap50_predict_ci95_high,0.705771,143,0,python -m ppe.eval --config configs/eval/baseline_yolo11s_test.yaml,"95% percentile interval, 1000 bootstrap resamples of the 143 images, seed 0"
p1_baseline_yolo11s_20261007T175540Z,2026-10-07,74dc92ae82,1,yolo11s,weights/best.pt@c3fc0bb3351b,fp32,cpu,construction-ppe,val,clean,no_boots,recall_ci95_low,0.000000,143,0,python -m ppe.eval --config configs/eval/baseline_yolo11s_test.yaml,"95% percentile interval, 1000 bootstrap resamples of the 143 images, seed 0"
p1_baseline_yolo11s_20261007T175540Z,2026-10-07,74dc92ae82,1,yolo11s,weights/best.pt@c3fc0bb3351b,fp32,cpu,construction-ppe,val,clean,no_boots,recall_ci95_high,0.500000,143,0,python -m ppe.eval --config configs/eval/baseline_yolo11s_test.yaml,"95% percentile interval, 1000 bootstrap resamples of the 143 images, seed 0"
p1_baseline_yolo11s_20261007T175540Z,2026-10-07,74dc92ae82,1,yolo11s,weights/best.pt@c3fc0bb3351b,fp32,cpu,construction-ppe,val,clean,no_gloves,recall_ci95_low,0.235271,143,0,python -m ppe.eval --config configs/eval/baseline_yolo11s_test.yaml,"95% percentile interval, 1000 bootstrap resamples of the 143 images, seed 0"
p1_baseline_yolo11s_20261007T175540Z,2026-10-07,74dc92ae82,1,yolo11s,weights/best.pt@c3fc0bb3351b,fp32,cpu,construction-ppe,val,clean,no_gloves,recall_ci95_high,0.520060,143,0,python -m ppe.eval --config configs/eval/baseline_yolo11s_test.yaml,"95% percentile interval, 1000 bootstrap resamples of the 143 images, seed 0"
p1_baseline_yolo11s_20261007T175540Z,2026-10-07,74dc92ae82,1,yolo11s,weights/best.pt@c3fc0bb3351b,fp32,cpu,construction-ppe,val,clean,no_goggle,recall_ci95_low,0.081054,143,0,python -m ppe.eval --config configs/eval/baseline_yolo11s_test.yaml,"95% percentile interval, 1000 bootstrap resamples of the 143 images, seed 0"
p1_baseline_yolo11s_20261007T175540Z,2026-10-07,74dc92ae82,1,yolo11s,weights/best.pt@c3fc0bb3351b,fp32,cpu,construction-ppe,val,clean,no_goggle,recall_ci95_high,0.387142,143,0,python -m ppe.eval --config configs/eval/baseline_yolo11s_test.yaml,"95% percentile interval, 1000 bootstrap resamples of the 143 images, seed 0"
p1_baseline_yolo11s_20261007T175540Z,2026-10-07,74dc92ae82,1,yolo11s,weights/best.pt@c3fc0bb3351b,fp32,cpu,construction-ppe,val,clean,no_helmet,recall_ci95_low,0.312465,143,0,python -m ppe.eval --config configs/eval/baseline_yolo11s_test.yaml,"95% percentile interval, 1000 bootstrap resamples of the 143 images, seed 0"
p1_baseline_yolo11s_20261007T175540Z,2026-10-07,74dc92ae82,1,yolo11s,weights/best.pt@c3fc0bb3351b,fp32,cpu,construction-ppe,val,clean,no_helmet,recall_ci95_high,0.666667,143,0,python -m ppe.eval --config configs/eval/baseline_yolo11s_test.yaml,"95% percentile interval, 1000 bootstrap resamples of the 143 images, seed 0"
p1_baseline_yolo11s_20261007T175540Z,2026-10-07,74dc92ae82,1,yolo11s,weights/best.pt@c3fc0bb3351b,fp32,cpu,construction-ppe,val,clean,person_any_violation,violation_recall_ci95_low,0.705882,143,0,python -m ppe.eval --config configs/eval/baseline_yolo11s_test.yaml,"95% percentile interval, 1000 bootstrap resamples of the 143 images, seed 0"
p1_baseline_yolo11s_20261007T175540Z,2026-10-07,74dc92ae82,1,yolo11s,weights/best.pt@c3fc0bb3351b,fp32,cpu,construction-ppe,val,clean,person_any_violation,violation_recall_ci95_high,0.937500,143,0,python -m ppe.eval --config configs/eval/baseline_yolo11s_test.yaml,"95% percentile interval, 1000 bootstrap resamples of the 143 images, seed 0"
p1_baseline_yolo11s_20261007T175540Z,2026-10-07,74dc92ae82,1,yolo11s,weights/best.pt@c3fc0bb3351b,fp32,cpu,construction-ppe,test,clean,helmet,precision,0.951613,192,0,python -m ppe.eval --config configs/eval/baseline_yolo11s_test.yaml,"deployed predict path, conf >= 0.28 (chosen on val), match IoU 0.5; tp=177 fp=9 fn=15; golden=golden_v1 verified"
p1_baseline_yolo11s_20261007T175540Z,2026-10-07,74dc92ae82,1,yolo11s,weights/best.pt@c3fc0bb3351b,fp32,cpu,construction-ppe,test,clean,helmet,recall,0.921875,192,0,python -m ppe.eval --config configs/eval/baseline_yolo11s_test.yaml,"deployed predict path, conf >= 0.28 (chosen on val), match IoU 0.5; tp=177 fp=9 fn=15; golden=golden_v1 verified"
p1_baseline_yolo11s_20261007T175540Z,2026-10-07,74dc92ae82,1,yolo11s,weights/best.pt@c3fc0bb3351b,fp32,cpu,construction-ppe,test,clean,helmet,f1,0.936508,192,0,python -m ppe.eval --config configs/eval/baseline_yolo11s_test.yaml,"deployed predict path, conf >= 0.28 (chosen on val), match IoU 0.5; tp=177 fp=9 fn=15; golden=golden_v1 verified"
p1_baseline_yolo11s_20261007T175540Z,2026-10-07,74dc92ae82,1,yolo11s,weights/best.pt@c3fc0bb3351b,fp32,cpu,construction-ppe,test,clean,helmet,ap50_predict,0.947096,192,0,python -m ppe.eval --config configs/eval/baseline_yolo11s_test.yaml,AP@0.5 recomputed from the predict path (cross-check of Ultralytics map50); golden=golden_v1 verified
p1_baseline_yolo11s_20261007T175540Z,2026-10-07,74dc92ae82,1,yolo11s,weights/best.pt@c3fc0bb3351b,fp32,cpu,construction-ppe,test,clean,gloves,precision,0.867133,163,0,python -m ppe.eval --config configs/eval/baseline_yolo11s_test.yaml,"deployed predict path, conf >= 0.28 (chosen on val), match IoU 0.5; tp=124 fp=19 fn=39; golden=golden_v1 verified"
p1_baseline_yolo11s_20261007T175540Z,2026-10-07,74dc92ae82,1,yolo11s,weights/best.pt@c3fc0bb3351b,fp32,cpu,construction-ppe,test,clean,gloves,recall,0.760736,163,0,python -m ppe.eval --config configs/eval/baseline_yolo11s_test.yaml,"deployed predict path, conf >= 0.28 (chosen on val), match IoU 0.5; tp=124 fp=19 fn=39; golden=golden_v1 verified"
p1_baseline_yolo11s_20261007T175540Z,2026-10-07,74dc92ae82,1,yolo11s,weights/best.pt@c3fc0bb3351b,fp32,cpu,construction-ppe,test,clean,gloves,f1,0.810458,163,0,python -m ppe.eval --config configs/eval/baseline_yolo11s_test.yaml,"deployed predict path, conf >= 0.28 (chosen on val), match IoU 0.5; tp=124 fp=19 fn=39; golden=golden_v1 verified"
p1_baseline_yolo11s_20261007T175540Z,2026-10-07,74dc92ae82,1,yolo11s,weights/best.pt@c3fc0bb3351b,fp32,cpu,construction-ppe,test,clean,gloves,ap50_predict,0.770142,163,0,python -m ppe.eval --config configs/eval/baseline_yolo11s_test.yaml,AP@0.5 recomputed from the predict path (cross-check of Ultralytics map50); golden=golden_v1 verified
p1_baseline_yolo11s_20261007T175540Z,2026-10-07,74dc92ae82,1,yolo11s,weights/best.pt@c3fc0bb3351b,fp32,cpu,construction-ppe,test,clean,vest,precision,0.822917,178,0,python -m ppe.eval --config configs/eval/baseline_yolo11s_test.yaml,"deployed predict path, conf >= 0.28 (chosen on val), match IoU 0.5; tp=158 fp=34 fn=20; golden=golden_v1 verified"
p1_baseline_yolo11s_20261007T175540Z,2026-10-07,74dc92ae82,1,yolo11s,weights/best.pt@c3fc0bb3351b,fp32,cpu,construction-ppe,test,clean,vest,recall,0.887640,178,0,python -m ppe.eval --config configs/eval/baseline_yolo11s_test.yaml,"deployed predict path, conf >= 0.28 (chosen on val), match IoU 0.5; tp=158 fp=34 fn=20; golden=golden_v1 verified"
p1_baseline_yolo11s_20261007T175540Z,2026-10-07,74dc92ae82,1,yolo11s,weights/best.pt@c3fc0bb3351b,fp32,cpu,construction-ppe,test,clean,vest,f1,0.854054,178,0,python -m ppe.eval --config configs/eval/baseline_yolo11s_test.yaml,"deployed predict path, conf >= 0.28 (chosen on val), match IoU 0.5; tp=158 fp=34 fn=20; golden=golden_v1 verified"
p1_baseline_yolo11s_20261007T175540Z,2026-10-07,74dc92ae82,1,yolo11s,weights/best.pt@c3fc0bb3351b,fp32,cpu,construction-ppe,test,clean,vest,ap50_predict,0.911826,178,0,python -m ppe.eval --config configs/eval/baseline_yolo11s_test.yaml,AP@0.5 recomputed from the predict path (cross-check of Ultralytics map50); golden=golden_v1 verified
p1_baseline_yolo11s_20261007T175540Z,2026-10-07,74dc92ae82,1,yolo11s,weights/best.pt@c3fc0bb3351b,fp32,cpu,construction-ppe,test,clean,boots,precision,0.704433,211,0,python -m ppe.eval --config configs/eval/baseline_yolo11s_test.yaml,"deployed predict path, conf >= 0.28 (chosen on val), match IoU 0.5; tp=143 fp=60 fn=68; golden=golden_v1 verified"
p1_baseline_yolo11s_20261007T175540Z,2026-10-07,74dc92ae82,1,yolo11s,weights/best.pt@c3fc0bb3351b,fp32,cpu,construction-ppe,test,clean,boots,recall,0.677725,211,0,python -m ppe.eval --config configs/eval/baseline_yolo11s_test.yaml,"deployed predict path, conf >= 0.28 (chosen on val), match IoU 0.5; tp=143 fp=60 fn=68; golden=golden_v1 verified"
p1_baseline_yolo11s_20261007T175540Z,2026-10-07,74dc92ae82,1,yolo11s,weights/best.pt@c3fc0bb3351b,fp32,cpu,construction-ppe,test,clean,boots,f1,0.690821,211,0,python -m ppe.eval --config configs/eval/baseline_yolo11s_test.yaml,"deployed predict path, conf >= 0.28 (chosen on val), match IoU 0.5; tp=143 fp=60 fn=68; golden=golden_v1 verified"
p1_baseline_yolo11s_20261007T175540Z,2026-10-07,74dc92ae82,1,yolo11s,weights/best.pt@c3fc0bb3351b,fp32,cpu,construction-ppe,test,clean,boots,ap50_predict,0.735728,211,0,python -m ppe.eval --config configs/eval/baseline_yolo11s_test.yaml,AP@0.5 recomputed from the predict path (cross-check of Ultralytics map50); golden=golden_v1 verified
p1_baseline_yolo11s_20261007T175540Z,2026-10-07,74dc92ae82,1,yolo11s,weights/best.pt@c3fc0bb3351b,fp32,cpu,construction-ppe,test,clean,goggles,precision,0.866667,52,0,python -m ppe.eval --config configs/eval/baseline_yolo11s_test.yaml,"deployed predict path, conf >= 0.28 (chosen on val), match IoU 0.5; tp=39 fp=6 fn=13; golden=golden_v1 verified"
p1_baseline_yolo11s_20261007T175540Z,2026-10-07,74dc92ae82,1,yolo11s,weights/best.pt@c3fc0bb3351b,fp32,cpu,construction-ppe,test,clean,goggles,recall,0.750000,52,0,python -m ppe.eval --config configs/eval/baseline_yolo11s_test.yaml,"deployed predict path, conf >= 0.28 (chosen on val), match IoU 0.5; tp=39 fp=6 fn=13; golden=golden_v1 verified"
p1_baseline_yolo11s_20261007T175540Z,2026-10-07,74dc92ae82,1,yolo11s,weights/best.pt@c3fc0bb3351b,fp32,cpu,construction-ppe,test,clean,goggles,f1,0.804124,52,0,python -m ppe.eval --config configs/eval/baseline_yolo11s_test.yaml,"deployed predict path, conf >= 0.28 (chosen on val), match IoU 0.5; tp=39 fp=6 fn=13; golden=golden_v1 verified"
p1_baseline_yolo11s_20261007T175540Z,2026-10-07,74dc92ae82,1,yolo11s,weights/best.pt@c3fc0bb3351b,fp32,cpu,construction-ppe,test,clean,goggles,ap50_predict,0.807399,52,0,python -m ppe.eval --config configs/eval/baseline_yolo11s_test.yaml,AP@0.5 recomputed from the predict path (cross-check of Ultralytics map50); golden=golden_v1 verified
p1_baseline_yolo11s_20261007T175540Z,2026-10-07,74dc92ae82,1,yolo11s,weights/best.pt@c3fc0bb3351b,fp32,cpu,construction-ppe,test,clean,none,precision,0.449275,65,0,python -m ppe.eval --config configs/eval/baseline_yolo11s_test.yaml,"deployed predict path, conf >= 0.28 (chosen on val), match IoU 0.5; tp=31 fp=38 fn=34; golden=golden_v1 verified"
p1_baseline_yolo11s_20261007T175540Z,2026-10-07,74dc92ae82,1,yolo11s,weights/best.pt@c3fc0bb3351b,fp32,cpu,construction-ppe,test,clean,none,recall,0.476923,65,0,python -m ppe.eval --config configs/eval/baseline_yolo11s_test.yaml,"deployed predict path, conf >= 0.28 (chosen on val), match IoU 0.5; tp=31 fp=38 fn=34; golden=golden_v1 verified"
p1_baseline_yolo11s_20261007T175540Z,2026-10-07,74dc92ae82,1,yolo11s,weights/best.pt@c3fc0bb3351b,fp32,cpu,construction-ppe,test,clean,none,f1,0.462687,65,0,python -m ppe.eval --config configs/eval/baseline_yolo11s_test.yaml,"deployed predict path, conf >= 0.28 (chosen on val), match IoU 0.5; tp=31 fp=38 fn=34; golden=golden_v1 verified"
p1_baseline_yolo11s_20261007T175540Z,2026-10-07,74dc92ae82,1,yolo11s,weights/best.pt@c3fc0bb3351b,fp32,cpu,construction-ppe,test,clean,none,ap50_predict,0.408397,65,0,python -m ppe.eval --config configs/eval/baseline_yolo11s_test.yaml,AP@0.5 recomputed from the predict path (cross-check of Ultralytics map50); golden=golden_v1 verified
p1_baseline_yolo11s_20261007T175540Z,2026-10-07,74dc92ae82,1,yolo11s,weights/best.pt@c3fc0bb3351b,fp32,cpu,construction-ppe,test,clean,person,precision,0.824786,236,0,python -m ppe.eval --config configs/eval/baseline_yolo11s_test.yaml,"deployed predict path, conf >= 0.28 (chosen on val), match IoU 0.5; tp=193 fp=41 fn=43; golden=golden_v1 verified"
p1_baseline_yolo11s_20261007T175540Z,2026-10-07,74dc92ae82,1,yolo11s,weights/best.pt@c3fc0bb3351b,fp32,cpu,construction-ppe,test,clean,person,recall,0.817797,236,0,python -m ppe.eval --config configs/eval/baseline_yolo11s_test.yaml,"deployed predict path, conf >= 0.28 (chosen on val), match IoU 0.5; tp=193 fp=41 fn=43; golden=golden_v1 verified"
p1_baseline_yolo11s_20261007T175540Z,2026-10-07,74dc92ae82,1,yolo11s,weights/best.pt@c3fc0bb3351b,fp32,cpu,construction-ppe,test,clean,person,f1,0.821277,236,0,python -m ppe.eval --config configs/eval/baseline_yolo11s_test.yaml,"deployed predict path, conf >= 0.28 (chosen on val), match IoU 0.5; tp=193 fp=41 fn=43; golden=golden_v1 verified"
p1_baseline_yolo11s_20261007T175540Z,2026-10-07,74dc92ae82,1,yolo11s,weights/best.pt@c3fc0bb3351b,fp32,cpu,construction-ppe,test,clean,person,ap50_predict,0.852545,236,0,python -m ppe.eval --config configs/eval/baseline_yolo11s_test.yaml,AP@0.5 recomputed from the predict path (cross-check of Ultralytics map50); golden=golden_v1 verified
p1_baseline_yolo11s_20261007T175540Z,2026-10-07,74dc92ae82,1,yolo11s,weights/best.pt@c3fc0bb3351b,fp32,cpu,construction-ppe,test,clean,no_helmet,precision,0.391304,40,0,python -m ppe.eval --config configs/eval/baseline_yolo11s_test.yaml,"deployed predict path, conf >= 0.28 (chosen on val), match IoU 0.5; tp=9 fp=14 fn=31; golden=golden_v1 verified"
p1_baseline_yolo11s_20261007T175540Z,2026-10-07,74dc92ae82,1,yolo11s,weights/best.pt@c3fc0bb3351b,fp32,cpu,construction-ppe,test,clean,no_helmet,recall,0.225000,40,0,python -m ppe.eval --config configs/eval/baseline_yolo11s_test.yaml,"deployed predict path, conf >= 0.28 (chosen on val), match IoU 0.5; tp=9 fp=14 fn=31; golden=golden_v1 verified"
p1_baseline_yolo11s_20261007T175540Z,2026-10-07,74dc92ae82,1,yolo11s,weights/best.pt@c3fc0bb3351b,fp32,cpu,construction-ppe,test,clean,no_helmet,f1,0.285714,40,0,python -m ppe.eval --config configs/eval/baseline_yolo11s_test.yaml,"deployed predict path, conf >= 0.28 (chosen on val), match IoU 0.5; tp=9 fp=14 fn=31; golden=golden_v1 verified"
p1_baseline_yolo11s_20261007T175540Z,2026-10-07,74dc92ae82,1,yolo11s,weights/best.pt@c3fc0bb3351b,fp32,cpu,construction-ppe,test,clean,no_helmet,ap50_predict,0.264762,40,0,python -m ppe.eval --config configs/eval/baseline_yolo11s_test.yaml,AP@0.5 recomputed from the predict path (cross-check of Ultralytics map50); golden=golden_v1 verified
p1_baseline_yolo11s_20261007T175540Z,2026-10-07,74dc92ae82,1,yolo11s,weights/best.pt@c3fc0bb3351b,fp32,cpu,construction-ppe,test,clean,no_goggle,precision,0.714286,33,0,python -m ppe.eval --config configs/eval/baseline_yolo11s_test.yaml,"deployed predict path, conf >= 0.28 (chosen on val), match IoU 0.5; tp=10 fp=4 fn=23; golden=golden_v1 verified"
p1_baseline_yolo11s_20261007T175540Z,2026-10-07,74dc92ae82,1,yolo11s,weights/best.pt@c3fc0bb3351b,fp32,cpu,construction-ppe,test,clean,no_goggle,recall,0.303030,33,0,python -m ppe.eval --config configs/eval/baseline_yolo11s_test.yaml,"deployed predict path, conf >= 0.28 (chosen on val), match IoU 0.5; tp=10 fp=4 fn=23; golden=golden_v1 verified"
p1_baseline_yolo11s_20261007T175540Z,2026-10-07,74dc92ae82,1,yolo11s,weights/best.pt@c3fc0bb3351b,fp32,cpu,construction-ppe,test,clean,no_goggle,f1,0.425532,33,0,python -m ppe.eval --config configs/eval/baseline_yolo11s_test.yaml,"deployed predict path, conf >= 0.28 (chosen on val), match IoU 0.5; tp=10 fp=4 fn=23; golden=golden_v1 verified"
p1_baseline_yolo11s_20261007T175540Z,2026-10-07,74dc92ae82,1,yolo11s,weights/best.pt@c3fc0bb3351b,fp32,cpu,construction-ppe,test,clean,no_goggle,ap50_predict,0.346524,33,0,python -m ppe.eval --config configs/eval/baseline_yolo11s_test.yaml,AP@0.5 recomputed from the predict path (cross-check of Ultralytics map50); golden=golden_v1 verified
p1_baseline_yolo11s_20261007T175540Z,2026-10-07,74dc92ae82,1,yolo11s,weights/best.pt@c3fc0bb3351b,fp32,cpu,construction-ppe,test,clean,no_gloves,precision,0.500000,58,0,python -m ppe.eval --config configs/eval/baseline_yolo11s_test.yaml,"deployed predict path, conf >= 0.28 (chosen on val), match IoU 0.5; tp=11 fp=11 fn=47; golden=golden_v1 verified"
p1_baseline_yolo11s_20261007T175540Z,2026-10-07,74dc92ae82,1,yolo11s,weights/best.pt@c3fc0bb3351b,fp32,cpu,construction-ppe,test,clean,no_gloves,recall,0.189655,58,0,python -m ppe.eval --config configs/eval/baseline_yolo11s_test.yaml,"deployed predict path, conf >= 0.28 (chosen on val), match IoU 0.5; tp=11 fp=11 fn=47; golden=golden_v1 verified"
p1_baseline_yolo11s_20261007T175540Z,2026-10-07,74dc92ae82,1,yolo11s,weights/best.pt@c3fc0bb3351b,fp32,cpu,construction-ppe,test,clean,no_gloves,f1,0.275000,58,0,python -m ppe.eval --config configs/eval/baseline_yolo11s_test.yaml,"deployed predict path, conf >= 0.28 (chosen on val), match IoU 0.5; tp=11 fp=11 fn=47; golden=golden_v1 verified"
p1_baseline_yolo11s_20261007T175540Z,2026-10-07,74dc92ae82,1,yolo11s,weights/best.pt@c3fc0bb3351b,fp32,cpu,construction-ppe,test,clean,no_gloves,ap50_predict,0.221513,58,0,python -m ppe.eval --config configs/eval/baseline_yolo11s_test.yaml,AP@0.5 recomputed from the predict path (cross-check of Ultralytics map50); golden=golden_v1 verified
p1_baseline_yolo11s_20261007T175540Z,2026-10-07,74dc92ae82,1,yolo11s,weights/best.pt@c3fc0bb3351b,fp32,cpu,construction-ppe,test,clean,no_boots,precision,0.000000,23,0,python -m ppe.eval --config configs/eval/baseline_yolo11s_test.yaml,"deployed predict path, conf >= 0.28 (chosen on val), match IoU 0.5; tp=0 fp=3 fn=23; golden=golden_v1 verified"
p1_baseline_yolo11s_20261007T175540Z,2026-10-07,74dc92ae82,1,yolo11s,weights/best.pt@c3fc0bb3351b,fp32,cpu,construction-ppe,test,clean,no_boots,recall,0.000000,23,0,python -m ppe.eval --config configs/eval/baseline_yolo11s_test.yaml,"deployed predict path, conf >= 0.28 (chosen on val), match IoU 0.5; tp=0 fp=3 fn=23; golden=golden_v1 verified"
p1_baseline_yolo11s_20261007T175540Z,2026-10-07,74dc92ae82,1,yolo11s,weights/best.pt@c3fc0bb3351b,fp32,cpu,construction-ppe,test,clean,no_boots,f1,0.000000,23,0,python -m ppe.eval --config configs/eval/baseline_yolo11s_test.yaml,"deployed predict path, conf >= 0.28 (chosen on val), match IoU 0.5; tp=0 fp=3 fn=23; golden=golden_v1 verified"
p1_baseline_yolo11s_20261007T175540Z,2026-10-07,74dc92ae82,1,yolo11s,weights/best.pt@c3fc0bb3351b,fp32,cpu,construction-ppe,test,clean,no_boots,ap50_predict,0.017879,23,0,python -m ppe.eval --config configs/eval/baseline_yolo11s_test.yaml,AP@0.5 recomputed from the predict path (cross-check of Ultralytics map50); golden=golden_v1 verified
p1_baseline_yolo11s_20261007T175540Z,2026-10-07,74dc92ae82,1,yolo11s,weights/best.pt@c3fc0bb3351b,fp32,cpu,construction-ppe,test,clean,all,precision,0.789242,1251,0,python -m ppe.eval --config configs/eval/baseline_yolo11s_test.yaml,"deployed predict path, conf >= 0.28 (chosen on val), match IoU 0.5; micro over classes; golden=golden_v1 verified"
p1_baseline_yolo11s_20261007T175540Z,2026-10-07,74dc92ae82,1,yolo11s,weights/best.pt@c3fc0bb3351b,fp32,cpu,construction-ppe,test,clean,all,recall,0.715428,1251,0,python -m ppe.eval --config configs/eval/baseline_yolo11s_test.yaml,"deployed predict path, conf >= 0.28 (chosen on val), match IoU 0.5; micro over classes; golden=golden_v1 verified"
p1_baseline_yolo11s_20261007T175540Z,2026-10-07,74dc92ae82,1,yolo11s,weights/best.pt@c3fc0bb3351b,fp32,cpu,construction-ppe,test,clean,all,macro_f1,0.578743,1251,0,python -m ppe.eval --config configs/eval/baseline_yolo11s_test.yaml,"deployed predict path, conf >= 0.28 (chosen on val), match IoU 0.5; golden=golden_v1 verified"
p1_baseline_yolo11s_20261007T175540Z,2026-10-07,74dc92ae82,1,yolo11s,weights/best.pt@c3fc0bb3351b,fp32,cpu,construction-ppe,test,clean,violation_classes,macro_recall,0.179421,154,0,python -m ppe.eval --config configs/eval/baseline_yolo11s_test.yaml,"deployed predict path, conf >= 0.28 (chosen on val), match IoU 0.5; unweighted mean of no_helmet, no_goggle, no_gloves, no_boots box recall; golden=golden_v1 verified"
p1_baseline_yolo11s_20261007T175540Z,2026-10-07,74dc92ae82,1,yolo11s,weights/best.pt@c3fc0bb3351b,fp32,cpu,construction-ppe,test,clean,person_any_violation,violation_recall,0.574468,47,0,python -m ppe.eval --config configs/eval/baseline_yolo11s_test.yaml,"deployed predict path, conf >= 0.28 (chosen on val), match IoU 0.5; per labelled person; 236 labelled persons, 43 not detected; 0 labelled no_* boxes outside every labelled person are not counted; flagged 27 of 47 labelled violators for any item (an alert for the person, not necessarily the right item); golden=golden_v1 verified"
p1_baseline_yolo11s_20261007T175540Z,2026-10-07,74dc92ae82,1,yolo11s,weights/best.pt@c3fc0bb3351b,fp32,cpu,construction-ppe,test,clean,person_any_violation,false_alert_rate,0.161290,31,0,python -m ppe.eval --config configs/eval/baseline_yolo11s_test.yaml,"deployed predict path, conf >= 0.28 (chosen on val), match IoU 0.5; per labelled person; 236 labelled persons, 43 not detected; 0 labelled no_* boxes outside every labelled person are not counted; share of 31 predicted violation flags that do not match a labelled violation of the same item (1 - alert precision); golden=golden_v1 verified"
p1_baseline_yolo11s_20261007T175540Z,2026-10-07,74dc92ae82,1,yolo11s,weights/best.pt@c3fc0bb3351b,fp32,cpu,construction-ppe,test,clean,person_no_helmet,violation_recall,0.384615,39,0,python -m ppe.eval --config configs/eval/baseline_yolo11s_test.yaml,"deployed predict path, conf >= 0.28 (chosen on val), match IoU 0.5; per labelled person; 236 labelled persons, 43 not detected; 0 labelled no_* boxes outside every labelled person are not counted; flagged 15 of 39 labelled violators for this item; the no_* box itself needs no IoU match, only the person; golden=golden_v1 verified"
p1_baseline_yolo11s_20261007T175540Z,2026-10-07,74dc92ae82,1,yolo11s,weights/best.pt@c3fc0bb3351b,fp32,cpu,construction-ppe,test,clean,person_no_helmet,false_alert_rate,0.250000,20,0,python -m ppe.eval --config configs/eval/baseline_yolo11s_test.yaml,"deployed predict path, conf >= 0.28 (chosen on val), match IoU 0.5; per labelled person; 236 labelled persons, 43 not detected; 0 labelled no_* boxes outside every labelled person are not counted; share of 20 predicted violation flags that do not match a labelled violation of the same item (1 - alert precision); golden=golden_v1 verified"
p1_baseline_yolo11s_20261007T175540Z,2026-10-07,74dc92ae82,1,yolo11s,weights/best.pt@c3fc0bb3351b,fp32,cpu,construction-ppe,test,clean,person_no_gloves,violation_recall,0.416667,36,0,python -m ppe.eval --config configs/eval/baseline_yolo11s_test.yaml,"deployed predict path, conf >= 0.28 (chosen on val), match IoU 0.5; per labelled person; 236 labelled persons, 43 not detected; 0 labelled no_* boxes outside every labelled person are not counted; flagged 15 of 36 labelled violators for this item; the no_* box itself needs no IoU match, only the person; golden=golden_v1 verified"
p1_baseline_yolo11s_20261007T175540Z,2026-10-07,74dc92ae82,1,yolo11s,weights/best.pt@c3fc0bb3351b,fp32,cpu,construction-ppe,test,clean,person_no_gloves,false_alert_rate,0.210526,19,0,python -m ppe.eval --config configs/eval/baseline_yolo11s_test.yaml,"deployed predict path, conf >= 0.28 (chosen on val), match IoU 0.5; per labelled person; 236 labelled persons, 43 not detected; 0 labelled no_* boxes outside every labelled person are not counted; share of 19 predicted violation flags that do not match a labelled violation of the same item (1 - alert precision); golden=golden_v1 verified"
p1_baseline_yolo11s_20261007T175540Z,2026-10-07,74dc92ae82,1,yolo11s,weights/best.pt@c3fc0bb3351b,fp32,cpu,construction-ppe,test,clean,person_no_boots,violation_recall,0.153846,13,0,python -m ppe.eval --config configs/eval/baseline_yolo11s_test.yaml,"deployed predict path, conf >= 0.28 (chosen on val), match IoU 0.5; per labelled person; 236 labelled persons, 43 not detected; 0 labelled no_* boxes outside every labelled person are not counted; flagged 2 of 13 labelled violators for this item; the no_* box itself needs no IoU match, only the person; golden=golden_v1 verified"
p1_baseline_yolo11s_20261007T175540Z,2026-10-07,74dc92ae82,1,yolo11s,weights/best.pt@c3fc0bb3351b,fp32,cpu,construction-ppe,test,clean,person_no_boots,false_alert_rate,0.000000,2,0,python -m ppe.eval --config configs/eval/baseline_yolo11s_test.yaml,"deployed predict path, conf >= 0.28 (chosen on val), match IoU 0.5; per labelled person; 236 labelled persons, 43 not detected; 0 labelled no_* boxes outside every labelled person are not counted; share of 2 predicted violation flags that do not match a labelled violation of the same item (1 - alert precision); golden=golden_v1 verified"
p1_baseline_yolo11s_20261007T175540Z,2026-10-07,74dc92ae82,1,yolo11s,weights/best.pt@c3fc0bb3351b,fp32,cpu,construction-ppe,test,clean,person_no_goggle,violation_recall,0.375000,32,0,python -m ppe.eval --config configs/eval/baseline_yolo11s_test.yaml,"deployed predict path, conf >= 0.28 (chosen on val), match IoU 0.5; per labelled person; 236 labelled persons, 43 not detected; 0 labelled no_* boxes outside every labelled person are not counted; flagged 12 of 32 labelled violators for this item; the no_* box itself needs no IoU match, only the person; golden=golden_v1 verified"
p1_baseline_yolo11s_20261007T175540Z,2026-10-07,74dc92ae82,1,yolo11s,weights/best.pt@c3fc0bb3351b,fp32,cpu,construction-ppe,test,clean,person_no_goggle,false_alert_rate,0.076923,13,0,python -m ppe.eval --config configs/eval/baseline_yolo11s_test.yaml,"deployed predict path, conf >= 0.28 (chosen on val), match IoU 0.5; per labelled person; 236 labelled persons, 43 not detected; 0 labelled no_* boxes outside every labelled person are not counted; share of 13 predicted violation flags that do not match a labelled violation of the same item (1 - alert precision); golden=golden_v1 verified"
p1_baseline_yolo11s_20261007T175540Z,2026-10-07,74dc92ae82,1,yolo11s,weights/best.pt@c3fc0bb3351b,fp32,cpu,construction-ppe,test,clean,person_any_violation,nonviolator_flag_rate,0.000000,189,0,python -m ppe.eval --config configs/eval/baseline_yolo11s_test.yaml,"deployed predict path, conf >= 0.28 (chosen on val), match IoU 0.5; per labelled person; 236 labelled persons, 43 not detected; 0 labelled no_* boxes outside every labelled person are not counted; labelled persons with no violation who were flagged for any item; golden=golden_v1 verified"
p1_baseline_yolo11s_20261007T175540Z,2026-10-07,74dc92ae82,1,yolo11s,weights/best.pt@c3fc0bb3351b,fp32,cpu,construction-ppe,test,clean,all,ap50_predict,0.571256,1251,0,python -m ppe.eval --config configs/eval/baseline_yolo11s_test.yaml,macro AP@0.5 from the predict path; compare with map50; golden=golden_v1 verified
p1_baseline_yolo11s_20261007T175540Z,2026-10-07,74dc92ae82,1,yolo11s,weights/best.pt@c3fc0bb3351b,fp32,cpu,construction-ppe,test,clean,all,ap50_predict_ci95_low,0.530906,141,0,python -m ppe.eval --config configs/eval/baseline_yolo11s_test.yaml,"95% percentile interval, 1000 bootstrap resamples of the 141 images, seed 0; golden=golden_v1 verified"
p1_baseline_yolo11s_20261007T175540Z,2026-10-07,74dc92ae82,1,yolo11s,weights/best.pt@c3fc0bb3351b,fp32,cpu,construction-ppe,test,clean,all,ap50_predict_ci95_high,0.628988,141,0,python -m ppe.eval --config configs/eval/baseline_yolo11s_test.yaml,"95% percentile interval, 1000 bootstrap resamples of the 141 images, seed 0; golden=golden_v1 verified"
p1_baseline_yolo11s_20261007T175540Z,2026-10-07,74dc92ae82,1,yolo11s,weights/best.pt@c3fc0bb3351b,fp32,cpu,construction-ppe,test,clean,no_boots,recall_ci95_low,0.000000,141,0,python -m ppe.eval --config configs/eval/baseline_yolo11s_test.yaml,"95% percentile interval, 1000 bootstrap resamples of the 141 images, seed 0; golden=golden_v1 verified"
p1_baseline_yolo11s_20261007T175540Z,2026-10-07,74dc92ae82,1,yolo11s,weights/best.pt@c3fc0bb3351b,fp32,cpu,construction-ppe,test,clean,no_boots,recall_ci95_high,0.000000,141,0,python -m ppe.eval --config configs/eval/baseline_yolo11s_test.yaml,"95% percentile interval, 1000 bootstrap resamples of the 141 images, seed 0; golden=golden_v1 verified"
p1_baseline_yolo11s_20261007T175540Z,2026-10-07,74dc92ae82,1,yolo11s,weights/best.pt@c3fc0bb3351b,fp32,cpu,construction-ppe,test,clean,no_gloves,recall_ci95_low,0.086938,141,0,python -m ppe.eval --config configs/eval/baseline_yolo11s_test.yaml,"95% percentile interval, 1000 bootstrap resamples of the 141 images, seed 0; golden=golden_v1 verified"
p1_baseline_yolo11s_20261007T175540Z,2026-10-07,74dc92ae82,1,yolo11s,weights/best.pt@c3fc0bb3351b,fp32,cpu,construction-ppe,test,clean,no_gloves,recall_ci95_high,0.325000,141,0,python -m ppe.eval --config configs/eval/baseline_yolo11s_test.yaml,"95% percentile interval, 1000 bootstrap resamples of the 141 images, seed 0; golden=golden_v1 verified"
p1_baseline_yolo11s_20261007T175540Z,2026-10-07,74dc92ae82,1,yolo11s,weights/best.pt@c3fc0bb3351b,fp32,cpu,construction-ppe,test,clean,no_goggle,recall_ci95_low,0.162791,141,0,python -m ppe.eval --config configs/eval/baseline_yolo11s_test.yaml,"95% percentile interval, 1000 bootstrap resamples of the 141 images, seed 0; golden=golden_v1 verified"
p1_baseline_yolo11s_20261007T175540Z,2026-10-07,74dc92ae82,1,yolo11s,weights/best.pt@c3fc0bb3351b,fp32,cpu,construction-ppe,test,clean,no_goggle,recall_ci95_high,0.481481,141,0,python -m ppe.eval --config configs/eval/baseline_yolo11s_test.yaml,"95% percentile interval, 1000 bootstrap resamples of the 141 images, seed 0; golden=golden_v1 verified"
p1_baseline_yolo11s_20261007T175540Z,2026-10-07,74dc92ae82,1,yolo11s,weights/best.pt@c3fc0bb3351b,fp32,cpu,construction-ppe,test,clean,no_helmet,recall_ci95_low,0.083333,141,0,python -m ppe.eval --config configs/eval/baseline_yolo11s_test.yaml,"95% percentile interval, 1000 bootstrap resamples of the 141 images, seed 0; golden=golden_v1 verified"
p1_baseline_yolo11s_20261007T175540Z,2026-10-07,74dc92ae82,1,yolo11s,weights/best.pt@c3fc0bb3351b,fp32,cpu,construction-ppe,test,clean,no_helmet,recall_ci95_high,0.406837,141,0,python -m ppe.eval --config configs/eval/baseline_yolo11s_test.yaml,"95% percentile interval, 1000 bootstrap resamples of the 141 images, seed 0; golden=golden_v1 verified"
p1_baseline_yolo11s_20261007T175540Z,2026-10-07,74dc92ae82,1,yolo11s,weights/best.pt@c3fc0bb3351b,fp32,cpu,construction-ppe,test,clean,person_any_violation,violation_recall_ci95_low,0.435430,141,0,python -m ppe.eval --config configs/eval/baseline_yolo11s_test.yaml,"95% percentile interval, 1000 bootstrap resamples of the 141 images, seed 0; golden=golden_v1 verified"
p1_baseline_yolo11s_20261007T175540Z,2026-10-07,74dc92ae82,1,yolo11s,weights/best.pt@c3fc0bb3351b,fp32,cpu,construction-ppe,test,clean,person_any_violation,violation_recall_ci95_high,0.766667,141,0,python -m ppe.eval --config configs/eval/baseline_yolo11s_test.yaml,"95% percentile interval, 1000 bootstrap resamples of the 141 images, seed 0; golden=golden_v1 verified"
