template_line,placeholder,rendered,raw,n,source,run_id,command
20,p1/test/clean/all/map50,0.570,0.570157,1251,results.csv,p1_baseline_yolo11s_20261007T175332Z,python -m ppe.eval --config configs/eval/baseline_yolo11s_test.yaml
21,p1/test/clean/all/ap50_predict_ci95_low,0.531,0.530906,141,results.csv,p1_baseline_yolo11s_20261007T175332Z,python -m ppe.eval --config configs/eval/baseline_yolo11s_test.yaml
21,p1/test/clean/all/ap50_predict_ci95_high,0.629,0.628988,141,results.csv,p1_baseline_yolo11s_20261007T175332Z,python -m ppe.eval --config configs/eval/baseline_yolo11s_test.yaml
21,p1/val/clean/all/map50,0.639,0.638884,1172,results.csv,p1_baseline_yolo11s_20261007T175332Z,python -m ppe.eval --config configs/eval/baseline_yolo11s_test.yaml
22,p1/test/clean/no_helmet/recall|count,9,0.225000,40,results.csv,p1_baseline_yolo11s_20261007T175332Z,python -m ppe.eval --config configs/eval/baseline_yolo11s_test.yaml
22,p1/test/clean/no_helmet/recall|n,40,0.225000,40,results.csv,p1_baseline_yolo11s_20261007T175332Z,python -m ppe.eval --config configs/eval/baseline_yolo11s_test.yaml
23,p1/test/clean/no_goggle/recall|count,10,0.303030,33,results.csv,p1_baseline_yolo11s_20261007T175332Z,python -m ppe.eval --config configs/eval/baseline_yolo11s_test.yaml
23,p1/test/clean/no_goggle/recall|n,33,0.303030,33,results.csv,p1_baseline_yolo11s_20261007T175332Z,python -m ppe.eval --config configs/eval/baseline_yolo11s_test.yaml
23,p1/test/clean/no_gloves/recall|count,11,0.189655,58,results.csv,p1_baseline_yolo11s_20261007T175332Z,python -m ppe.eval --config configs/eval/baseline_yolo11s_test.yaml
23,p1/test/clean/no_gloves/recall|n,58,0.189655,58,results.csv,p1_baseline_yolo11s_20261007T175332Z,python -m ppe.eval --config configs/eval/baseline_yolo11s_test.yaml
24,p1/test/clean/no_boots/recall|count,0,0.000000,23,results.csv,p1_baseline_yolo11s_20261007T175332Z,python -m ppe.eval --config configs/eval/baseline_yolo11s_test.yaml
24,p1/test/clean/no_boots/recall|n,23,0.000000,23,results.csv,p1_baseline_yolo11s_20261007T175332Z,python -m ppe.eval --config configs/eval/baseline_yolo11s_test.yaml
25,p2/test/downscale_s3/all/recall_delta|abs,0.221,-0.221423,1251,results.csv,p2_shift_yolo11s_20261007T181833Z,python -m ppe.shift --config configs/shift/p2_shift_yolo11s.yaml
26,p2/test/low_light_s3/all/recall_delta|abs,0.488,-0.487610,1251,results.csv,p2_shift_yolo11s_20261007T181833Z,python -m ppe.shift --config configs/shift/p2_shift_yolo11s.yaml
27,cmp/test/low_light_s3/all/recall_delta_widening@onnx_int8 vs onnx_fp32|abs,0.115,-0.115108,1251,results.csv,p3_quant_yolo11s_compare_20261007T200711Z,python -m ppe.quant --config configs/quant/p3_quant_yolo11s.yaml
29,est/test/shifted_18_cells/all/mae_window_signals,0.090,0.089560,360,results.csv,p4_estimator_yolo11s_20261008T000831Z,python -m ppe.estimator --config configs/estimator/p4_estimator_yolo11s.yaml
30,est/test/shifted_18_cells/all/mae_window_ac,0.147,0.146603,360,results.csv,p4_estimator_yolo11s_20261008T000831Z,python -m ppe.estimator --config configs/estimator/p4_estimator_yolo11s.yaml
30,est/test/shifted_18_cells/all/mae_window_atc,0.164,0.164341,360,results.csv,p4_estimator_yolo11s_20261008T000831Z,python -m ppe.estimator --config configs/estimator/p4_estimator_yolo11s.yaml
31,est/test/shifted_18_cells/all/mae_window_only_confidence_drift,0.083,0.083328,360,results.csv,p4_estimator_yolo11s_20261008T000831Z,python -m ppe.estimator --config configs/estimator/p4_estimator_yolo11s.yaml
136,p1/val/clean/all/operating_conf|.2f,0.28,0.280000,1172,results.csv,p1_baseline_yolo11s_20261007T175332Z,python -m ppe.eval --config configs/eval/baseline_yolo11s_test.yaml
138,cfg:0.5:configs/eval/baseline_yolo11s_test.yaml,0.5,0.5,,configs/eval/baseline_yolo11s_test.yaml,config,
154,p1/val/clean/all/map50,0.639,0.638884,1172,results.csv,p1_baseline_yolo11s_20261007T175332Z,python -m ppe.eval --config configs/eval/baseline_yolo11s_test.yaml
154,p1/val/clean/all/map50_95,0.315,0.314546,1172,results.csv,p1_baseline_yolo11s_20261007T175332Z,python -m ppe.eval --config configs/eval/baseline_yolo11s_test.yaml
155,p1/test/clean/all/map50,0.570,0.570157,1251,results.csv,p1_baseline_yolo11s_20261007T175332Z,python -m ppe.eval --config configs/eval/baseline_yolo11s_test.yaml
155,p1/test/clean/all/ap50_predict_ci95_low,0.531,0.530906,141,results.csv,p1_baseline_yolo11s_20261007T175332Z,python -m ppe.eval --config configs/eval/baseline_yolo11s_test.yaml
155,p1/test/clean/all/ap50_predict_ci95_high,0.629,0.628988,141,results.csv,p1_baseline_yolo11s_20261007T175332Z,python -m ppe.eval --config configs/eval/baseline_yolo11s_test.yaml
156,p1/test/clean/all/map50_95,0.290,0.290262,1251,results.csv,p1_baseline_yolo11s_20261007T175332Z,python -m ppe.eval --config configs/eval/baseline_yolo11s_test.yaml
156,p1/val/clean/all/ap50_predict_ci95_low,0.590,0.589773,143,results.csv,p1_baseline_yolo11s_20261007T175332Z,python -m ppe.eval --config configs/eval/baseline_yolo11s_test.yaml
156,p1/val/clean/all/ap50_predict_ci95_high,0.706,0.705771,143,results.csv,p1_baseline_yolo11s_20261007T175332Z,python -m ppe.eval --config configs/eval/baseline_yolo11s_test.yaml
159,p1rep/test/clean/all/map50,0.570,0.570157,1251,results.csv,p1_baseline_yolo11s_20261007T175540Z,python -m ppe.eval --config configs/eval/baseline_yolo11s_test.yaml
165,p1/test/clean/helmet/recall|n,192,0.921875,192,results.csv,p1_baseline_yolo11s_20261007T175332Z,python -m ppe.eval --config configs/eval/baseline_yolo11s_test.yaml
165,p1/test/clean/helmet/map50,0.945,0.944660,192,results.csv,p1_baseline_yolo11s_20261007T175332Z,python -m ppe.eval --config configs/eval/baseline_yolo11s_test.yaml
165,p1/test/clean/helmet/recall,0.922,0.921875,192,results.csv,p1_baseline_yolo11s_20261007T175332Z,python -m ppe.eval --config configs/eval/baseline_yolo11s_test.yaml
165,p1/test/clean/helmet/precision,0.952,0.951613,192,results.csv,p1_baseline_yolo11s_20261007T175332Z,python -m ppe.eval --config configs/eval/baseline_yolo11s_test.yaml
166,p1/test/clean/gloves/recall|n,163,0.760736,163,results.csv,p1_baseline_yolo11s_20261007T175332Z,python -m ppe.eval --config configs/eval/baseline_yolo11s_test.yaml
166,p1/test/clean/gloves/map50,0.801,0.800971,163,results.csv,p1_baseline_yolo11s_20261007T175332Z,python -m ppe.eval --config configs/eval/baseline_yolo11s_test.yaml
166,p1/test/clean/gloves/recall,0.761,0.760736,163,results.csv,p1_baseline_yolo11s_20261007T175332Z,python -m ppe.eval --config configs/eval/baseline_yolo11s_test.yaml
166,p1/test/clean/gloves/precision,0.867,0.867133,163,results.csv,p1_baseline_yolo11s_20261007T175332Z,python -m ppe.eval --config configs/eval/baseline_yolo11s_test.yaml
167,p1/test/clean/vest/recall|n,178,0.887640,178,results.csv,p1_baseline_yolo11s_20261007T175332Z,python -m ppe.eval --config configs/eval/baseline_yolo11s_test.yaml
167,p1/test/clean/vest/map50,0.911,0.911252,178,results.csv,p1_baseline_yolo11s_20261007T175332Z,python -m ppe.eval --config configs/eval/baseline_yolo11s_test.yaml
167,p1/test/clean/vest/recall,0.888,0.887640,178,results.csv,p1_baseline_yolo11s_20261007T175332Z,python -m ppe.eval --config configs/eval/baseline_yolo11s_test.yaml
167,p1/test/clean/vest/precision,0.823,0.822917,178,results.csv,p1_baseline_yolo11s_20261007T175332Z,python -m ppe.eval --config configs/eval/baseline_yolo11s_test.yaml
168,p1/test/clean/boots/recall|n,211,0.677725,211,results.csv,p1_baseline_yolo11s_20261007T175332Z,python -m ppe.eval --config configs/eval/baseline_yolo11s_test.yaml
168,p1/test/clean/boots/map50,0.735,0.735087,211,results.csv,p1_baseline_yolo11s_20261007T175332Z,python -m ppe.eval --config configs/eval/baseline_yolo11s_test.yaml
168,p1/test/clean/boots/recall,0.678,0.677725,211,results.csv,p1_baseline_yolo11s_20261007T175332Z,python -m ppe.eval --config configs/eval/baseline_yolo11s_test.yaml
168,p1/test/clean/boots/precision,0.704,0.704433,211,results.csv,p1_baseline_yolo11s_20261007T175332Z,python -m ppe.eval --config configs/eval/baseline_yolo11s_test.yaml
169,p1/test/clean/goggles/recall|n,52,0.750000,52,results.csv,p1_baseline_yolo11s_20261007T175332Z,python -m ppe.eval --config configs/eval/baseline_yolo11s_test.yaml
169,p1/test/clean/goggles/map50,0.809,0.809488,52,results.csv,p1_baseline_yolo11s_20261007T175332Z,python -m ppe.eval --config configs/eval/baseline_yolo11s_test.yaml
169,p1/test/clean/goggles/recall,0.750,0.750000,52,results.csv,p1_baseline_yolo11s_20261007T175332Z,python -m ppe.eval --config configs/eval/baseline_yolo11s_test.yaml
169,p1/test/clean/goggles/precision,0.867,0.866667,52,results.csv,p1_baseline_yolo11s_20261007T175332Z,python -m ppe.eval --config configs/eval/baseline_yolo11s_test.yaml
170,p1/test/clean/none/recall|n,65,0.476923,65,results.csv,p1_baseline_yolo11s_20261007T175332Z,python -m ppe.eval --config configs/eval/baseline_yolo11s_test.yaml
170,p1/test/clean/none/map50,0.424,0.423721,65,results.csv,p1_baseline_yolo11s_20261007T175332Z,python -m ppe.eval --config configs/eval/baseline_yolo11s_test.yaml
170,p1/test/clean/none/recall,0.477,0.476923,65,results.csv,p1_baseline_yolo11s_20261007T175332Z,python -m ppe.eval --config configs/eval/baseline_yolo11s_test.yaml
170,p1/test/clean/none/precision,0.449,0.449275,65,results.csv,p1_baseline_yolo11s_20261007T175332Z,python -m ppe.eval --config configs/eval/baseline_yolo11s_test.yaml
171,p1/test/clean/person/recall|n,236,0.817797,236,results.csv,p1_baseline_yolo11s_20261007T175332Z,python -m ppe.eval --config configs/eval/baseline_yolo11s_test.yaml
171,p1/test/clean/person/map50,0.850,0.849960,236,results.csv,p1_baseline_yolo11s_20261007T175332Z,python -m ppe.eval --config configs/eval/baseline_yolo11s_test.yaml
171,p1/test/clean/person/recall,0.818,0.817797,236,results.csv,p1_baseline_yolo11s_20261007T175332Z,python -m ppe.eval --config configs/eval/baseline_yolo11s_test.yaml
171,p1/test/clean/person/precision,0.825,0.824786,236,results.csv,p1_baseline_yolo11s_20261007T175332Z,python -m ppe.eval --config configs/eval/baseline_yolo11s_test.yaml
172,p1/test/clean/no_helmet/recall|n,40,0.225000,40,results.csv,p1_baseline_yolo11s_20261007T175332Z,python -m ppe.eval --config configs/eval/baseline_yolo11s_test.yaml
172,p1/test/clean/no_helmet/map50,0.278,0.278326,40,results.csv,p1_baseline_yolo11s_20261007T175332Z,python -m ppe.eval --config configs/eval/baseline_yolo11s_test.yaml
172,p1/test/clean/no_helmet/recall,0.225,0.225000,40,results.csv,p1_baseline_yolo11s_20261007T175332Z,python -m ppe.eval --config configs/eval/baseline_yolo11s_test.yaml
172,p1/test/clean/no_helmet/recall_ci95_low,0.083,0.083333,141,results.csv,p1_baseline_yolo11s_20261007T175332Z,python -m ppe.eval --config configs/eval/baseline_yolo11s_test.yaml
172,p1/test/clean/no_helmet/recall_ci95_high,0.407,0.406837,141,results.csv,p1_baseline_yolo11s_20261007T175332Z,python -m ppe.eval --config configs/eval/baseline_yolo11s_test.yaml
172,p1/test/clean/no_helmet/precision,0.391,0.391304,40,results.csv,p1_baseline_yolo11s_20261007T175332Z,python -m ppe.eval --config configs/eval/baseline_yolo11s_test.yaml
173,p1/test/clean/no_goggle/recall|n,33,0.303030,33,results.csv,p1_baseline_yolo11s_20261007T175332Z,python -m ppe.eval --config configs/eval/baseline_yolo11s_test.yaml
173,p1/test/clean/no_goggle/map50,0.270,0.269706,33,results.csv,p1_baseline_yolo11s_20261007T175332Z,python -m ppe.eval --config configs/eval/baseline_yolo11s_test.yaml
173,p1/test/clean/no_goggle/recall,0.303,0.303030,33,results.csv,p1_baseline_yolo11s_20261007T175332Z,python -m ppe.eval --config configs/eval/baseline_yolo11s_test.yaml
173,p1/test/clean/no_goggle/recall_ci95_low,0.163,0.162791,141,results.csv,p1_baseline_yolo11s_20261007T175332Z,python -m ppe.eval --config configs/eval/baseline_yolo11s_test.yaml
173,p1/test/clean/no_goggle/recall_ci95_high,0.481,0.481481,141,results.csv,p1_baseline_yolo11s_20261007T175332Z,python -m ppe.eval --config configs/eval/baseline_yolo11s_test.yaml
173,p1/test/clean/no_goggle/precision,0.714,0.714286,33,results.csv,p1_baseline_yolo11s_20261007T175332Z,python -m ppe.eval --config configs/eval/baseline_yolo11s_test.yaml
174,p1/test/clean/no_gloves/recall|n,58,0.189655,58,results.csv,p1_baseline_yolo11s_20261007T175332Z,python -m ppe.eval --config configs/eval/baseline_yolo11s_test.yaml
174,p1/test/clean/no_gloves/map50,0.229,0.228509,58,results.csv,p1_baseline_yolo11s_20261007T175332Z,python -m ppe.eval --config configs/eval/baseline_yolo11s_test.yaml
174,p1/test/clean/no_gloves/recall,0.190,0.189655,58,results.csv,p1_baseline_yolo11s_20261007T175332Z,python -m ppe.eval --config configs/eval/baseline_yolo11s_test.yaml
174,p1/test/clean/no_gloves/recall_ci95_low,0.087,0.086938,141,results.csv,p1_baseline_yolo11s_20261007T175332Z,python -m ppe.eval --config configs/eval/baseline_yolo11s_test.yaml
174,p1/test/clean/no_gloves/recall_ci95_high,0.325,0.325000,141,results.csv,p1_baseline_yolo11s_20261007T175332Z,python -m ppe.eval --config configs/eval/baseline_yolo11s_test.yaml
174,p1/test/clean/no_gloves/precision,0.500,0.500000,58,results.csv,p1_baseline_yolo11s_20261007T175332Z,python -m ppe.eval --config configs/eval/baseline_yolo11s_test.yaml
175,p1/test/clean/no_boots/recall|n,23,0.000000,23,results.csv,p1_baseline_yolo11s_20261007T175332Z,python -m ppe.eval --config configs/eval/baseline_yolo11s_test.yaml
175,p1/test/clean/no_boots/map50,0.020,0.020046,23,results.csv,p1_baseline_yolo11s_20261007T175332Z,python -m ppe.eval --config configs/eval/baseline_yolo11s_test.yaml
175,p1/test/clean/no_boots/recall,0.000,0.000000,23,results.csv,p1_baseline_yolo11s_20261007T175332Z,python -m ppe.eval --config configs/eval/baseline_yolo11s_test.yaml
175,p1/test/clean/no_boots/recall_ci95_low,0.000,0.000000,141,results.csv,p1_baseline_yolo11s_20261007T175332Z,python -m ppe.eval --config configs/eval/baseline_yolo11s_test.yaml
175,p1/test/clean/no_boots/recall_ci95_high,0.000,0.000000,141,results.csv,p1_baseline_yolo11s_20261007T175332Z,python -m ppe.eval --config configs/eval/baseline_yolo11s_test.yaml
175,p1/test/clean/no_boots/precision,0.000,0.000000,23,results.csv,p1_baseline_yolo11s_20261007T175332Z,python -m ppe.eval --config configs/eval/baseline_yolo11s_test.yaml
176,p1/test/clean/all/recall|n,1251,0.715428,1251,results.csv,p1_baseline_yolo11s_20261007T175332Z,python -m ppe.eval --config configs/eval/baseline_yolo11s_test.yaml
176,p1/test/clean/all/map50,0.570,0.570157,1251,results.csv,p1_baseline_yolo11s_20261007T175332Z,python -m ppe.eval --config configs/eval/baseline_yolo11s_test.yaml
176,p1/test/clean/all/recall,0.715,0.715428,1251,results.csv,p1_baseline_yolo11s_20261007T175332Z,python -m ppe.eval --config configs/eval/baseline_yolo11s_test.yaml
176,p1/test/clean/all/precision,0.789,0.789242,1251,results.csv,p1_baseline_yolo11s_20261007T175332Z,python -m ppe.eval --config configs/eval/baseline_yolo11s_test.yaml
178,p1/test/clean/violation_classes/macro_recall,0.179,0.179421,154,results.csv,p1_baseline_yolo11s_20261007T175332Z,python -m ppe.eval --config configs/eval/baseline_yolo11s_test.yaml
179,p1/val/clean/violation_classes/macro_recall,0.333,0.333350,146,results.csv,p1_baseline_yolo11s_20261007T175332Z,python -m ppe.eval --config configs/eval/baseline_yolo11s_test.yaml
179,p1/val/clean/no_boots/recall|n,4,0.250000,4,results.csv,p1_baseline_yolo11s_20261007T175332Z,python -m ppe.eval --config configs/eval/baseline_yolo11s_test.yaml
180,p1/test/clean/no_boots/recall|n,23,0.000000,23,results.csv,p1_baseline_yolo11s_20261007T175332Z,python -m ppe.eval --config configs/eval/baseline_yolo11s_test.yaml
182,p1/test/clean/person_any_violation/violation_recall|count,27,0.574468,47,results.csv,p1_baseline_yolo11s_20261007T175332Z,python -m ppe.eval --config configs/eval/baseline_yolo11s_test.yaml
182,p1/test/clean/person_any_violation/violation_recall|n,47,0.574468,47,results.csv,p1_baseline_yolo11s_20261007T175332Z,python -m ppe.eval --config configs/eval/baseline_yolo11s_test.yaml
183,p1/test/clean/person_any_violation/violation_recall,0.574,0.574468,47,results.csv,p1_baseline_yolo11s_20261007T175332Z,python -m ppe.eval --config configs/eval/baseline_yolo11s_test.yaml
183,p1/test/clean/person_any_violation/violation_recall_ci95_low,0.435,0.435430,141,results.csv,p1_baseline_yolo11s_20261007T175332Z,python -m ppe.eval --config configs/eval/baseline_yolo11s_test.yaml
184,p1/test/clean/person_any_violation/violation_recall_ci95_high,0.767,0.766667,141,results.csv,p1_baseline_yolo11s_20261007T175332Z,python -m ppe.eval --config configs/eval/baseline_yolo11s_test.yaml
184,p1/test/clean/person_any_violation/false_alert_rate|count,5,0.161290,31,results.csv,p1_baseline_yolo11s_20261007T175332Z,python -m ppe.eval --config configs/eval/baseline_yolo11s_test.yaml
185,p1/test/clean/person_any_violation/false_alert_rate|n,31,0.161290,31,results.csv,p1_baseline_yolo11s_20261007T175332Z,python -m ppe.eval --config configs/eval/baseline_yolo11s_test.yaml
185,p1/test/clean/person_any_violation/nonviolator_flag_rate|count,0,0.000000,189,results.csv,p1_baseline_yolo11s_20261007T175332Z,python -m ppe.eval --config configs/eval/baseline_yolo11s_test.yaml
186,p1/test/clean/person_any_violation/nonviolator_flag_rate|n,189,0.000000,189,results.csv,p1_baseline_yolo11s_20261007T175332Z,python -m ppe.eval --config configs/eval/baseline_yolo11s_test.yaml
187,p1/test/clean/person/recall|count,193,0.817797,236,results.csv,p1_baseline_yolo11s_20261007T175332Z,python -m ppe.eval --config configs/eval/baseline_yolo11s_test.yaml
187,p1/test/clean/person/recall|n,236,0.817797,236,results.csv,p1_baseline_yolo11s_20261007T175332Z,python -m ppe.eval --config configs/eval/baseline_yolo11s_test.yaml
189,p1/val/clean/all/map50,0.639,0.638884,1172,results.csv,p1_baseline_yolo11s_20261007T175332Z,python -m ppe.eval --config configs/eval/baseline_yolo11s_test.yaml
190,p1/test/clean/all/map50,0.570,0.570157,1251,results.csv,p1_baseline_yolo11s_20261007T175332Z,python -m ppe.eval --config configs/eval/baseline_yolo11s_test.yaml
209,p2/test/clean/all/map50,0.570,0.570157,1251,results.csv,p2_shift_yolo11s_20261007T181833Z,python -m ppe.shift --config configs/shift/p2_shift_yolo11s.yaml
209,p2/test/clean/all/recall,0.715,0.715428,1251,results.csv,p2_shift_yolo11s_20261007T181833Z,python -m ppe.shift --config configs/shift/p2_shift_yolo11s.yaml
209,p2/test/clean/violation_classes/macro_recall,0.179,0.179421,154,results.csv,p2_shift_yolo11s_20261007T181833Z,python -m ppe.shift --config configs/shift/p2_shift_yolo11s.yaml
210,p2/test/clean/person_any_violation/violation_recall,0.574,0.574468,47,results.csv,p2_shift_yolo11s_20261007T181833Z,python -m ppe.shift --config configs/shift/p2_shift_yolo11s.yaml
210,p2/test/clean/person_any_violation/false_alert_rate,0.161,0.161290,31,results.csv,p2_shift_yolo11s_20261007T181833Z,python -m ppe.shift --config configs/shift/p2_shift_yolo11s.yaml
214,p2/test/low_light_s1/all/map50,0.553,0.552991,1251,results.csv,p2_shift_yolo11s_20261007T181833Z,python -m ppe.shift --config configs/shift/p2_shift_yolo11s.yaml
214,p2/test/low_light_s2/all/map50,0.473,0.472711,1251,results.csv,p2_shift_yolo11s_20261007T181833Z,python -m ppe.shift --config configs/shift/p2_shift_yolo11s.yaml
214,p2/test/low_light_s3/all/map50,0.259,0.258720,1251,results.csv,p2_shift_yolo11s_20261007T181833Z,python -m ppe.shift --config configs/shift/p2_shift_yolo11s.yaml
214,p2/test/low_light_s3/all/recall_delta|signed,-0.488,-0.487610,1251,results.csv,p2_shift_yolo11s_20261007T181833Z,python -m ppe.shift --config configs/shift/p2_shift_yolo11s.yaml
214,p2/test/low_light_s3/all/recall_delta_ci95_low|signed,-0.546,-0.546417,1251,results.csv,p2_shift_yolo11s_20261007T181833Z,python -m ppe.shift --config configs/shift/p2_shift_yolo11s.yaml
214,p2/test/low_light_s3/all/recall_delta_ci95_high|signed,-0.429,-0.429399,1251,results.csv,p2_shift_yolo11s_20261007T181833Z,python -m ppe.shift --config configs/shift/p2_shift_yolo11s.yaml
214,p2/test/low_light_s3/violation_classes/macro_recall_delta|signed,-0.068,-0.068332,154,results.csv,p2_shift_yolo11s_20261007T181833Z,python -m ppe.shift --config configs/shift/p2_shift_yolo11s.yaml
214,p2/test/low_light_s3/violation_classes/macro_recall_delta_ci95_low|signed,-0.137,-0.136535,154,results.csv,p2_shift_yolo11s_20261007T181833Z,python -m ppe.shift --config configs/shift/p2_shift_yolo11s.yaml
214,p2/test/low_light_s3/violation_classes/macro_recall_delta_ci95_high|signed,-0.004,-0.003842,154,results.csv,p2_shift_yolo11s_20261007T181833Z,python -m ppe.shift --config configs/shift/p2_shift_yolo11s.yaml
214,p2/test/low_light_s3/all/precision,0.652,0.652174,1251,results.csv,p2_shift_yolo11s_20261007T181833Z,python -m ppe.shift --config configs/shift/p2_shift_yolo11s.yaml
214,p2/test/low_light_s3/person_any_violation/violation_recall,0.468,0.468085,47,results.csv,p2_shift_yolo11s_20261007T181833Z,python -m ppe.shift --config configs/shift/p2_shift_yolo11s.yaml
214,p2/test/low_light_s3/person_any_violation/false_alert_rate,0.447,0.447368,38,results.csv,p2_shift_yolo11s_20261007T181833Z,python -m ppe.shift --config configs/shift/p2_shift_yolo11s.yaml
215,p2/test/haze_s1/all/map50,0.561,0.560990,1251,results.csv,p2_shift_yolo11s_20261007T181833Z,python -m ppe.shift --config configs/shift/p2_shift_yolo11s.yaml
215,p2/test/haze_s2/all/map50,0.559,0.558910,1251,results.csv,p2_shift_yolo11s_20261007T181833Z,python -m ppe.shift --config configs/shift/p2_shift_yolo11s.yaml
215,p2/test/haze_s3/all/map50,0.542,0.541779,1251,results.csv,p2_shift_yolo11s_20261007T181833Z,python -m ppe.shift --config configs/shift/p2_shift_yolo11s.yaml
215,p2/test/haze_s3/all/recall_delta|signed,-0.072,-0.071942,1251,results.csv,p2_shift_yolo11s_20261007T181833Z,python -m ppe.shift --config configs/shift/p2_shift_yolo11s.yaml
215,p2/test/haze_s3/all/recall_delta_ci95_low|signed,-0.095,-0.094562,1251,results.csv,p2_shift_yolo11s_20261007T181833Z,python -m ppe.shift --config configs/shift/p2_shift_yolo11s.yaml
215,p2/test/haze_s3/all/recall_delta_ci95_high|signed,-0.049,-0.049475,1251,results.csv,p2_shift_yolo11s_20261007T181833Z,python -m ppe.shift --config configs/shift/p2_shift_yolo11s.yaml
215,p2/test/haze_s3/violation_classes/macro_recall_delta|signed,-0.026,-0.025712,154,results.csv,p2_shift_yolo11s_20261007T181833Z,python -m ppe.shift --config configs/shift/p2_shift_yolo11s.yaml
215,p2/test/haze_s3/violation_classes/macro_recall_delta_ci95_low|signed,-0.076,-0.075667,154,results.csv,p2_shift_yolo11s_20261007T181833Z,python -m ppe.shift --config configs/shift/p2_shift_yolo11s.yaml
215,p2/test/haze_s3/violation_classes/macro_recall_delta_ci95_high|signed,+0.013,0.012868,154,results.csv,p2_shift_yolo11s_20261007T181833Z,python -m ppe.shift --config configs/shift/p2_shift_yolo11s.yaml
215,p2/test/haze_s3/all/precision,0.830,0.829897,1251,results.csv,p2_shift_yolo11s_20261007T181833Z,python -m ppe.shift --config configs/shift/p2_shift_yolo11s.yaml
215,p2/test/haze_s3/person_any_violation/violation_recall,0.596,0.595745,47,results.csv,p2_shift_yolo11s_20261007T181833Z,python -m ppe.shift --config configs/shift/p2_shift_yolo11s.yaml
215,p2/test/haze_s3/person_any_violation/false_alert_rate,0.103,0.103448,29,results.csv,p2_shift_yolo11s_20261007T181833Z,python -m ppe.shift --config configs/shift/p2_shift_yolo11s.yaml
216,p2/test/motion_blur_s1/all/map50,0.540,0.539927,1251,results.csv,p2_shift_yolo11s_20261007T181833Z,python -m ppe.shift --config configs/shift/p2_shift_yolo11s.yaml
216,p2/test/motion_blur_s2/all/map50,0.452,0.451792,1251,results.csv,p2_shift_yolo11s_20261007T181833Z,python -m ppe.shift --config configs/shift/p2_shift_yolo11s.yaml
216,p2/test/motion_blur_s3/all/map50,0.304,0.304033,1251,results.csv,p2_shift_yolo11s_20261007T181833Z,python -m ppe.shift --config configs/shift/p2_shift_yolo11s.yaml
216,p2/test/motion_blur_s3/all/recall_delta|signed,-0.424,-0.424460,1251,results.csv,p2_shift_yolo11s_20261007T181833Z,python -m ppe.shift --config configs/shift/p2_shift_yolo11s.yaml
216,p2/test/motion_blur_s3/all/recall_delta_ci95_low|signed,-0.475,-0.474679,1251,results.csv,p2_shift_yolo11s_20261007T181833Z,python -m ppe.shift --config configs/shift/p2_shift_yolo11s.yaml
216,p2/test/motion_blur_s3/all/recall_delta_ci95_high|signed,-0.376,-0.375534,1251,results.csv,p2_shift_yolo11s_20261007T181833Z,python -m ppe.shift --config configs/shift/p2_shift_yolo11s.yaml
216,p2/test/motion_blur_s3/violation_classes/macro_recall_delta|signed,-0.154,-0.154421,154,results.csv,p2_shift_yolo11s_20261007T181833Z,python -m ppe.shift --config configs/shift/p2_shift_yolo11s.yaml
216,p2/test/motion_blur_s3/violation_classes/macro_recall_delta_ci95_low|signed,-0.236,-0.236124,154,results.csv,p2_shift_yolo11s_20261007T181833Z,python -m ppe.shift --config configs/shift/p2_shift_yolo11s.yaml
216,p2/test/motion_blur_s3/violation_classes/macro_recall_delta_ci95_high|signed,-0.085,-0.084690,154,results.csv,p2_shift_yolo11s_20261007T181833Z,python -m ppe.shift --config configs/shift/p2_shift_yolo11s.yaml
216,p2/test/motion_blur_s3/all/precision,0.776,0.776119,1251,results.csv,p2_shift_yolo11s_20261007T181833Z,python -m ppe.shift --config configs/shift/p2_shift_yolo11s.yaml
216,p2/test/motion_blur_s3/person_any_violation/violation_recall,0.191,0.191489,47,results.csv,p2_shift_yolo11s_20261007T181833Z,python -m ppe.shift --config configs/shift/p2_shift_yolo11s.yaml
216,p2/test/motion_blur_s3/person_any_violation/false_alert_rate,0.100,0.100000,10,results.csv,p2_shift_yolo11s_20261007T181833Z,python -m ppe.shift --config configs/shift/p2_shift_yolo11s.yaml
217,p2/test/jpeg_s1/all/map50,0.549,0.549464,1251,results.csv,p2_shift_yolo11s_20261007T181833Z,python -m ppe.shift --config configs/shift/p2_shift_yolo11s.yaml
217,p2/test/jpeg_s2/all/map50,0.506,0.506490,1251,results.csv,p2_shift_yolo11s_20261007T181833Z,python -m ppe.shift --config configs/shift/p2_shift_yolo11s.yaml
217,p2/test/jpeg_s3/all/map50,0.292,0.292255,1251,results.csv,p2_shift_yolo11s_20261007T181833Z,python -m ppe.shift --config configs/shift/p2_shift_yolo11s.yaml
217,p2/test/jpeg_s3/all/recall_delta|signed,-0.328,-0.327738,1251,results.csv,p2_shift_yolo11s_20261007T181833Z,python -m ppe.shift --config configs/shift/p2_shift_yolo11s.yaml
217,p2/test/jpeg_s3/all/recall_delta_ci95_low|signed,-0.379,-0.378780,1251,results.csv,p2_shift_yolo11s_20261007T181833Z,python -m ppe.shift --config configs/shift/p2_shift_yolo11s.yaml
217,p2/test/jpeg_s3/all/recall_delta_ci95_high|signed,-0.281,-0.280887,1251,results.csv,p2_shift_yolo11s_20261007T181833Z,python -m ppe.shift --config configs/shift/p2_shift_yolo11s.yaml
217,p2/test/jpeg_s3/violation_classes/macro_recall_delta|signed,-0.165,-0.164551,154,results.csv,p2_shift_yolo11s_20261007T181833Z,python -m ppe.shift --config configs/shift/p2_shift_yolo11s.yaml
217,p2/test/jpeg_s3/violation_classes/macro_recall_delta_ci95_low|signed,-0.236,-0.235940,154,results.csv,p2_shift_yolo11s_20261007T181833Z,python -m ppe.shift --config configs/shift/p2_shift_yolo11s.yaml
217,p2/test/jpeg_s3/violation_classes/macro_recall_delta_ci95_high|signed,-0.102,-0.101699,154,results.csv,p2_shift_yolo11s_20261007T181833Z,python -m ppe.shift --config configs/shift/p2_shift_yolo11s.yaml
217,p2/test/jpeg_s3/all/precision,0.746,0.746154,1251,results.csv,p2_shift_yolo11s_20261007T181833Z,python -m ppe.shift --config configs/shift/p2_shift_yolo11s.yaml
217,p2/test/jpeg_s3/person_any_violation/violation_recall,0.085,0.085106,47,results.csv,p2_shift_yolo11s_20261007T181833Z,python -m ppe.shift --config configs/shift/p2_shift_yolo11s.yaml
217,p2/test/jpeg_s3/person_any_violation/false_alert_rate,0.000,0.000000,4,results.csv,p2_shift_yolo11s_20261007T181833Z,python -m ppe.shift --config configs/shift/p2_shift_yolo11s.yaml
218,p2/test/rain_s1/all/map50,0.564,0.564215,1251,results.csv,p2_shift_yolo11s_20261007T181833Z,python -m ppe.shift --config configs/shift/p2_shift_yolo11s.yaml
218,p2/test/rain_s2/all/map50,0.520,0.520250,1251,results.csv,p2_shift_yolo11s_20261007T181833Z,python -m ppe.shift --config configs/shift/p2_shift_yolo11s.yaml
218,p2/test/rain_s3/all/map50,0.355,0.354842,1251,results.csv,p2_shift_yolo11s_20261007T181833Z,python -m ppe.shift --config configs/shift/p2_shift_yolo11s.yaml
218,p2/test/rain_s3/all/recall_delta|signed,-0.294,-0.294165,1251,results.csv,p2_shift_yolo11s_20261007T181833Z,python -m ppe.shift --config configs/shift/p2_shift_yolo11s.yaml
218,p2/test/rain_s3/all/recall_delta_ci95_low|signed,-0.339,-0.338913,1251,results.csv,p2_shift_yolo11s_20261007T181833Z,python -m ppe.shift --config configs/shift/p2_shift_yolo11s.yaml
218,p2/test/rain_s3/all/recall_delta_ci95_high|signed,-0.253,-0.252788,1251,results.csv,p2_shift_yolo11s_20261007T181833Z,python -m ppe.shift --config configs/shift/p2_shift_yolo11s.yaml
218,p2/test/rain_s3/violation_classes/macro_recall_delta|signed,-0.156,-0.156361,154,results.csv,p2_shift_yolo11s_20261007T181833Z,python -m ppe.shift --config configs/shift/p2_shift_yolo11s.yaml
218,p2/test/rain_s3/violation_classes/macro_recall_delta_ci95_low|signed,-0.225,-0.225373,154,results.csv,p2_shift_yolo11s_20261007T181833Z,python -m ppe.shift --config configs/shift/p2_shift_yolo11s.yaml
218,p2/test/rain_s3/violation_classes/macro_recall_delta_ci95_high|signed,-0.094,-0.094263,154,results.csv,p2_shift_yolo11s_20261007T181833Z,python -m ppe.shift --config configs/shift/p2_shift_yolo11s.yaml
218,p2/test/rain_s3/all/precision,0.841,0.840510,1251,results.csv,p2_shift_yolo11s_20261007T181833Z,python -m ppe.shift --config configs/shift/p2_shift_yolo11s.yaml
218,p2/test/rain_s3/person_any_violation/violation_recall,0.149,0.148936,47,results.csv,p2_shift_yolo11s_20261007T181833Z,python -m ppe.shift --config configs/shift/p2_shift_yolo11s.yaml
218,p2/test/rain_s3/person_any_violation/false_alert_rate,0.286,0.285714,7,results.csv,p2_shift_yolo11s_20261007T181833Z,python -m ppe.shift --config configs/shift/p2_shift_yolo11s.yaml
219,p2/test/downscale_s1/all/map50,0.552,0.552425,1251,results.csv,p2_shift_yolo11s_20261007T181833Z,python -m ppe.shift --config configs/shift/p2_shift_yolo11s.yaml
219,p2/test/downscale_s2/all/map50,0.456,0.456126,1251,results.csv,p2_shift_yolo11s_20261007T181833Z,python -m ppe.shift --config configs/shift/p2_shift_yolo11s.yaml
219,p2/test/downscale_s3/all/map50,0.343,0.343195,1251,results.csv,p2_shift_yolo11s_20261007T181833Z,python -m ppe.shift --config configs/shift/p2_shift_yolo11s.yaml
219,p2/test/downscale_s3/all/recall_delta|signed,-0.221,-0.221423,1251,results.csv,p2_shift_yolo11s_20261007T181833Z,python -m ppe.shift --config configs/shift/p2_shift_yolo11s.yaml
219,p2/test/downscale_s3/all/recall_delta_ci95_low|signed,-0.259,-0.259013,1251,results.csv,p2_shift_yolo11s_20261007T181833Z,python -m ppe.shift --config configs/shift/p2_shift_yolo11s.yaml
219,p2/test/downscale_s3/all/recall_delta_ci95_high|signed,-0.185,-0.185395,1251,results.csv,p2_shift_yolo11s_20261007T181833Z,python -m ppe.shift --config configs/shift/p2_shift_yolo11s.yaml
219,p2/test/downscale_s3/violation_classes/macro_recall_delta|signed,-0.163,-0.162611,154,results.csv,p2_shift_yolo11s_20261007T181833Z,python -m ppe.shift --config configs/shift/p2_shift_yolo11s.yaml
219,p2/test/downscale_s3/violation_classes/macro_recall_delta_ci95_low|signed,-0.235,-0.235121,154,results.csv,p2_shift_yolo11s_20261007T181833Z,python -m ppe.shift --config configs/shift/p2_shift_yolo11s.yaml
219,p2/test/downscale_s3/violation_classes/macro_recall_delta_ci95_high|signed,-0.095,-0.094940,154,results.csv,p2_shift_yolo11s_20261007T181833Z,python -m ppe.shift --config configs/shift/p2_shift_yolo11s.yaml
219,p2/test/downscale_s3/all/precision,0.770,0.769614,1251,results.csv,p2_shift_yolo11s_20261007T181833Z,python -m ppe.shift --config configs/shift/p2_shift_yolo11s.yaml
219,p2/test/downscale_s3/person_any_violation/violation_recall,0.170,0.170213,47,results.csv,p2_shift_yolo11s_20261007T181833Z,python -m ppe.shift --config configs/shift/p2_shift_yolo11s.yaml
219,p2/test/downscale_s3/person_any_violation/false_alert_rate,0.333,0.333333,12,results.csv,p2_shift_yolo11s_20261007T181833Z,python -m ppe.shift --config configs/shift/p2_shift_yolo11s.yaml
221,p2/test/clean/no_helmet/recall|count,9,0.225000,40,results.csv,p2_shift_yolo11s_20261007T181833Z,python -m ppe.shift --config configs/shift/p2_shift_yolo11s.yaml
221,p2/test/clean/no_helmet/recall|n,40,0.225000,40,results.csv,p2_shift_yolo11s_20261007T181833Z,python -m ppe.shift --config configs/shift/p2_shift_yolo11s.yaml
222,p2/test/clean/no_goggle/recall|count,10,0.303030,33,results.csv,p2_shift_yolo11s_20261007T181833Z,python -m ppe.shift --config configs/shift/p2_shift_yolo11s.yaml
222,p2/test/clean/no_goggle/recall|n,33,0.303030,33,results.csv,p2_shift_yolo11s_20261007T181833Z,python -m ppe.shift --config configs/shift/p2_shift_yolo11s.yaml
222,p2/test/clean/no_gloves/recall|count,11,0.189655,58,results.csv,p2_shift_yolo11s_20261007T181833Z,python -m ppe.shift --config configs/shift/p2_shift_yolo11s.yaml
222,p2/test/clean/no_gloves/recall|n,58,0.189655,58,results.csv,p2_shift_yolo11s_20261007T181833Z,python -m ppe.shift --config configs/shift/p2_shift_yolo11s.yaml
223,p2/test/clean/no_boots/recall|count,0,0.000000,23,results.csv,p2_shift_yolo11s_20261007T181833Z,python -m ppe.shift --config configs/shift/p2_shift_yolo11s.yaml
223,p2/test/clean/no_boots/recall|n,23,0.000000,23,results.csv,p2_shift_yolo11s_20261007T181833Z,python -m ppe.shift --config configs/shift/p2_shift_yolo11s.yaml
227,p2/test/low_light_s3/no_helmet/recall|count,10,0.250000,40,results.csv,p2_shift_yolo11s_20261007T181833Z,python -m ppe.shift --config configs/shift/p2_shift_yolo11s.yaml
227,p2/test/low_light_s3/no_goggle/recall|count,3,0.090909,33,results.csv,p2_shift_yolo11s_20261007T181833Z,python -m ppe.shift --config configs/shift/p2_shift_yolo11s.yaml
227,p2/test/low_light_s3/no_gloves/recall|count,6,0.103448,58,results.csv,p2_shift_yolo11s_20261007T181833Z,python -m ppe.shift --config configs/shift/p2_shift_yolo11s.yaml
227,p2/test/low_light_s3/no_boots/recall|count,0,0.000000,23,results.csv,p2_shift_yolo11s_20261007T181833Z,python -m ppe.shift --config configs/shift/p2_shift_yolo11s.yaml
228,p2/test/haze_s3/no_helmet/recall|count,8,0.200000,40,results.csv,p2_shift_yolo11s_20261007T181833Z,python -m ppe.shift --config configs/shift/p2_shift_yolo11s.yaml
228,p2/test/haze_s3/no_goggle/recall|count,8,0.242424,33,results.csv,p2_shift_yolo11s_20261007T181833Z,python -m ppe.shift --config configs/shift/p2_shift_yolo11s.yaml
228,p2/test/haze_s3/no_gloves/recall|count,10,0.172414,58,results.csv,p2_shift_yolo11s_20261007T181833Z,python -m ppe.shift --config configs/shift/p2_shift_yolo11s.yaml
228,p2/test/haze_s3/no_boots/recall|count,0,0.000000,23,results.csv,p2_shift_yolo11s_20261007T181833Z,python -m ppe.shift --config configs/shift/p2_shift_yolo11s.yaml
229,p2/test/motion_blur_s3/no_helmet/recall|count,4,0.100000,40,results.csv,p2_shift_yolo11s_20261007T181833Z,python -m ppe.shift --config configs/shift/p2_shift_yolo11s.yaml
229,p2/test/motion_blur_s3/no_goggle/recall|count,0,0.000000,33,results.csv,p2_shift_yolo11s_20261007T181833Z,python -m ppe.shift --config configs/shift/p2_shift_yolo11s.yaml
229,p2/test/motion_blur_s3/no_gloves/recall|count,0,0.000000,58,results.csv,p2_shift_yolo11s_20261007T181833Z,python -m ppe.shift --config configs/shift/p2_shift_yolo11s.yaml
229,p2/test/motion_blur_s3/no_boots/recall|count,0,0.000000,23,results.csv,p2_shift_yolo11s_20261007T181833Z,python -m ppe.shift --config configs/shift/p2_shift_yolo11s.yaml
230,p2/test/jpeg_s3/no_helmet/recall|count,1,0.025000,40,results.csv,p2_shift_yolo11s_20261007T181833Z,python -m ppe.shift --config configs/shift/p2_shift_yolo11s.yaml
230,p2/test/jpeg_s3/no_goggle/recall|count,0,0.000000,33,results.csv,p2_shift_yolo11s_20261007T181833Z,python -m ppe.shift --config configs/shift/p2_shift_yolo11s.yaml
230,p2/test/jpeg_s3/no_gloves/recall|count,2,0.034483,58,results.csv,p2_shift_yolo11s_20261007T181833Z,python -m ppe.shift --config configs/shift/p2_shift_yolo11s.yaml
230,p2/test/jpeg_s3/no_boots/recall|count,0,0.000000,23,results.csv,p2_shift_yolo11s_20261007T181833Z,python -m ppe.shift --config configs/shift/p2_shift_yolo11s.yaml
231,p2/test/rain_s3/no_helmet/recall|count,3,0.075000,40,results.csv,p2_shift_yolo11s_20261007T181833Z,python -m ppe.shift --config configs/shift/p2_shift_yolo11s.yaml
231,p2/test/rain_s3/no_goggle/recall|count,0,0.000000,33,results.csv,p2_shift_yolo11s_20261007T181833Z,python -m ppe.shift --config configs/shift/p2_shift_yolo11s.yaml
231,p2/test/rain_s3/no_gloves/recall|count,1,0.017241,58,results.csv,p2_shift_yolo11s_20261007T181833Z,python -m ppe.shift --config configs/shift/p2_shift_yolo11s.yaml
231,p2/test/rain_s3/no_boots/recall|count,0,0.000000,23,results.csv,p2_shift_yolo11s_20261007T181833Z,python -m ppe.shift --config configs/shift/p2_shift_yolo11s.yaml
232,p2/test/downscale_s3/no_helmet/recall|count,2,0.050000,40,results.csv,p2_shift_yolo11s_20261007T181833Z,python -m ppe.shift --config configs/shift/p2_shift_yolo11s.yaml
232,p2/test/downscale_s3/no_goggle/recall|count,0,0.000000,33,results.csv,p2_shift_yolo11s_20261007T181833Z,python -m ppe.shift --config configs/shift/p2_shift_yolo11s.yaml
232,p2/test/downscale_s3/no_gloves/recall|count,1,0.017241,58,results.csv,p2_shift_yolo11s_20261007T181833Z,python -m ppe.shift --config configs/shift/p2_shift_yolo11s.yaml
232,p2/test/downscale_s3/no_boots/recall|count,0,0.000000,23,results.csv,p2_shift_yolo11s_20261007T181833Z,python -m ppe.shift --config configs/shift/p2_shift_yolo11s.yaml
236,p2/test/rain_s1/all/map50_delta|abs,0.006,-0.005942,1251,results.csv,p2_shift_yolo11s_20261007T181833Z,python -m ppe.shift --config configs/shift/p2_shift_yolo11s.yaml
236,p2/test/motion_blur_s1/all/map50_delta|abs,0.030,-0.030230,1251,results.csv,p2_shift_yolo11s_20261007T181833Z,python -m ppe.shift --config configs/shift/p2_shift_yolo11s.yaml
237,p2/test/low_light_s3/all/map50,0.259,0.258720,1251,results.csv,p2_shift_yolo11s_20261007T181833Z,python -m ppe.shift --config configs/shift/p2_shift_yolo11s.yaml
237,p2/test/rain_s3/all/map50,0.355,0.354842,1251,results.csv,p2_shift_yolo11s_20261007T181833Z,python -m ppe.shift --config configs/shift/p2_shift_yolo11s.yaml
237,p2/test/haze_s3/all/map50,0.542,0.541779,1251,results.csv,p2_shift_yolo11s_20261007T181833Z,python -m ppe.shift --config configs/shift/p2_shift_yolo11s.yaml
238,p2/test/jpeg_s3/all/precision,0.746,0.746154,1251,results.csv,p2_shift_yolo11s_20261007T181833Z,python -m ppe.shift --config configs/shift/p2_shift_yolo11s.yaml
238,p2/test/rain_s3/all/precision,0.841,0.840510,1251,results.csv,p2_shift_yolo11s_20261007T181833Z,python -m ppe.shift --config configs/shift/p2_shift_yolo11s.yaml
239,p2/test/low_light_s3/helmet/recall,0.068,0.067708,192,results.csv,p2_shift_yolo11s_20261007T181833Z,python -m ppe.shift --config configs/shift/p2_shift_yolo11s.yaml
239,p2/test/clean/helmet/recall,0.922,0.921875,192,results.csv,p2_shift_yolo11s_20261007T181833Z,python -m ppe.shift --config configs/shift/p2_shift_yolo11s.yaml
239,p2/test/low_light_s3/person_any_violation/false_alert_rate,0.447,0.447368,38,results.csv,p2_shift_yolo11s_20261007T181833Z,python -m ppe.shift --config configs/shift/p2_shift_yolo11s.yaml
239,p2/test/low_light_s3/person_any_violation/nonviolator_flag_rate,0.074,0.074074,189,results.csv,p2_shift_yolo11s_20261007T181833Z,python -m ppe.shift --config configs/shift/p2_shift_yolo11s.yaml
240,p2/test/jpeg_s2/no_goggle/recall_delta|signed,-0.212,-0.212121,33,results.csv,p2_shift_yolo11s_20261007T181833Z,python -m ppe.shift --config configs/shift/p2_shift_yolo11s.yaml
240,p2/test/jpeg_s2/no_goggle/recall_delta|n,33,-0.212121,33,results.csv,p2_shift_yolo11s_20261007T181833Z,python -m ppe.shift --config configs/shift/p2_shift_yolo11s.yaml
241,p2/test/motion_blur_s3/person/recall_delta|signed,-0.386,-0.385593,236,results.csv,p2_shift_yolo11s_20261007T181833Z,python -m ppe.shift --config configs/shift/p2_shift_yolo11s.yaml
241,p2/test/low_light_s3/person/recall_delta|signed,-0.254,-0.254237,236,results.csv,p2_shift_yolo11s_20261007T181833Z,python -m ppe.shift --config configs/shift/p2_shift_yolo11s.yaml
241,p2/test/jpeg_s3/person/recall_delta|signed,-0.233,-0.233051,236,results.csv,p2_shift_yolo11s_20261007T181833Z,python -m ppe.shift --config configs/shift/p2_shift_yolo11s.yaml
241,p2/test/rain_s3/person/recall_delta|signed,-0.182,-0.182203,236,results.csv,p2_shift_yolo11s_20261007T181833Z,python -m ppe.shift --config configs/shift/p2_shift_yolo11s.yaml
245,p2/test/clean/person_any_violation/violation_recall|n,47,0.574468,47,results.csv,p2_shift_yolo11s_20261007T181833Z,python -m ppe.shift --config configs/shift/p2_shift_yolo11s.yaml
256,cmp/test/clean/all/recall_quant_diff@onnx_fp32 vs pytorch_fp32|signed,0.000,0.000000,1251,results.csv,p3_quant_yolo11s_compare_20261007T200711Z,python -m ppe.quant --config configs/quant/p3_quant_yolo11s.yaml
259,p1/val/clean/all/operating_conf|.2f,0.28,0.280000,1172,results.csv,p1_baseline_yolo11s_20261007T175332Z,python -m ppe.eval --config configs/eval/baseline_yolo11s_test.yaml
261,p1/test/clean/no_goggle/recall|n,33,0.303030,33,results.csv,p1_baseline_yolo11s_20261007T175332Z,python -m ppe.eval --config configs/eval/baseline_yolo11s_test.yaml
261,p1/test/clean/person_any_violation/violation_recall|n,47,0.574468,47,results.csv,p1_baseline_yolo11s_20261007T175332Z,python -m ppe.eval --config configs/eval/baseline_yolo11s_test.yaml
263,q_onnx32/test/clean/all/map50,0.568,0.568183,1251,results.csv,p3_quant_yolo11s_onnx_fp32_20261007T193159Z,python -m ppe.quant --config configs/quant/p3_quant_yolo11s.yaml
263,q_onnx32/test/clean/all/recall,0.715,0.715428,1251,results.csv,p3_quant_yolo11s_onnx_fp32_20261007T193159Z,python -m ppe.quant --config configs/quant/p3_quant_yolo11s.yaml
263,q_onnx32/test/clean/violation_classes/macro_recall,0.179,0.179421,154,results.csv,p3_quant_yolo11s_onnx_fp32_20261007T193159Z,python -m ppe.quant --config configs/quant/p3_quant_yolo11s.yaml
263,q_onnx32/test/clean/no_goggle/recall|count,10,0.303030,33,results.csv,p3_quant_yolo11s_onnx_fp32_20261007T193159Z,python -m ppe.quant --config configs/quant/p3_quant_yolo11s.yaml
263,q_onnx32/test/clean/person_any_violation/violation_recall|count,27,0.574468,47,results.csv,p3_quant_yolo11s_onnx_fp32_20261007T193159Z,python -m ppe.quant --config configs/quant/p3_quant_yolo11s.yaml
264,q_onnx8/test/clean/all/map50,0.559,0.558740,1251,results.csv,p3_quant_yolo11s_onnx_int8_20261007T194131Z,python -m ppe.quant --config configs/quant/p3_quant_yolo11s.yaml
264,q_onnx8/test/clean/all/recall,0.718,0.717826,1251,results.csv,p3_quant_yolo11s_onnx_int8_20261007T194131Z,python -m ppe.quant --config configs/quant/p3_quant_yolo11s.yaml
264,q_onnx8/test/clean/violation_classes/macro_recall,0.179,0.179141,154,results.csv,p3_quant_yolo11s_onnx_int8_20261007T194131Z,python -m ppe.quant --config configs/quant/p3_quant_yolo11s.yaml
264,q_onnx8/test/clean/no_goggle/recall|count,8,0.242424,33,results.csv,p3_quant_yolo11s_onnx_int8_20261007T194131Z,python -m ppe.quant --config configs/quant/p3_quant_yolo11s.yaml
264,q_onnx8/test/clean/person_any_violation/violation_recall|count,34,0.723404,47,results.csv,p3_quant_yolo11s_onnx_int8_20261007T194131Z,python -m ppe.quant --config configs/quant/p3_quant_yolo11s.yaml
265,q_ov16/test/clean/all/map50,0.566,0.566025,1251,results.csv,p3_quant_yolo11s_openvino_fp16_20261007T195744Z,python -m ppe.quant --config configs/quant/p3_quant_yolo11s.yaml
265,q_ov16/test/clean/all/recall,0.714,0.713829,1251,results.csv,p3_quant_yolo11s_openvino_fp16_20261007T195744Z,python -m ppe.quant --config configs/quant/p3_quant_yolo11s.yaml
265,q_ov16/test/clean/violation_classes/macro_recall,0.179,0.179421,154,results.csv,p3_quant_yolo11s_openvino_fp16_20261007T195744Z,python -m ppe.quant --config configs/quant/p3_quant_yolo11s.yaml
265,q_ov16/test/clean/no_goggle/recall|count,10,0.303030,33,results.csv,p3_quant_yolo11s_openvino_fp16_20261007T195744Z,python -m ppe.quant --config configs/quant/p3_quant_yolo11s.yaml
265,q_ov16/test/clean/person_any_violation/violation_recall|count,27,0.574468,47,results.csv,p3_quant_yolo11s_openvino_fp16_20261007T195744Z,python -m ppe.quant --config configs/quant/p3_quant_yolo11s.yaml
266,q_ov8/test/clean/all/map50,0.564,0.564023,1251,results.csv,p3_quant_yolo11s_openvino_int8_20261007T195005Z,python -m ppe.quant --config configs/quant/p3_quant_yolo11s.yaml
266,q_ov8/test/clean/all/recall,0.707,0.707434,1251,results.csv,p3_quant_yolo11s_openvino_int8_20261007T195005Z,python -m ppe.quant --config configs/quant/p3_quant_yolo11s.yaml
266,q_ov8/test/clean/violation_classes/macro_recall,0.169,0.169475,154,results.csv,p3_quant_yolo11s_openvino_int8_20261007T195005Z,python -m ppe.quant --config configs/quant/p3_quant_yolo11s.yaml
266,q_ov8/test/clean/no_goggle/recall|count,9,0.272727,33,results.csv,p3_quant_yolo11s_openvino_int8_20261007T195005Z,python -m ppe.quant --config configs/quant/p3_quant_yolo11s.yaml
266,q_ov8/test/clean/person_any_violation/violation_recall|count,28,0.595745,47,results.csv,p3_quant_yolo11s_openvino_int8_20261007T195005Z,python -m ppe.quant --config configs/quant/p3_quant_yolo11s.yaml
267,q_onnx32/test/low_light_s3/all/map50,0.269,0.269252,1251,results.csv,p3_quant_yolo11s_onnx_fp32_20261007T193159Z,python -m ppe.quant --config configs/quant/p3_quant_yolo11s.yaml
267,q_onnx32/test/low_light_s3/all/recall,0.228,0.227818,1251,results.csv,p3_quant_yolo11s_onnx_fp32_20261007T193159Z,python -m ppe.quant --config configs/quant/p3_quant_yolo11s.yaml
267,q_onnx32/test/low_light_s3/violation_classes/macro_recall,0.111,0.111089,154,results.csv,p3_quant_yolo11s_onnx_fp32_20261007T193159Z,python -m ppe.quant --config configs/quant/p3_quant_yolo11s.yaml
267,q_onnx32/test/low_light_s3/no_goggle/recall|count,3,0.090909,33,results.csv,p3_quant_yolo11s_onnx_fp32_20261007T193159Z,python -m ppe.quant --config configs/quant/p3_quant_yolo11s.yaml
267,q_onnx32/test/low_light_s3/person_any_violation/violation_recall|count,22,0.468085,47,results.csv,p3_quant_yolo11s_onnx_fp32_20261007T193159Z,python -m ppe.quant --config configs/quant/p3_quant_yolo11s.yaml
268,q_onnx8/test/low_light_s3/all/map50,0.177,0.177139,1251,results.csv,p3_quant_yolo11s_onnx_int8_20261007T194131Z,python -m ppe.quant --config configs/quant/p3_quant_yolo11s.yaml
268,q_onnx8/test/low_light_s3/all/recall,0.115,0.115108,1251,results.csv,p3_quant_yolo11s_onnx_int8_20261007T194131Z,python -m ppe.quant --config configs/quant/p3_quant_yolo11s.yaml
268,q_onnx8/test/low_light_s3/violation_classes/macro_recall,0.050,0.050431,154,results.csv,p3_quant_yolo11s_onnx_int8_20261007T194131Z,python -m ppe.quant --config configs/quant/p3_quant_yolo11s.yaml
268,q_onnx8/test/low_light_s3/no_goggle/recall|count,0,0.000000,33,results.csv,p3_quant_yolo11s_onnx_int8_20261007T194131Z,python -m ppe.quant --config configs/quant/p3_quant_yolo11s.yaml
268,q_onnx8/test/low_light_s3/person_any_violation/violation_recall|count,16,0.340426,47,results.csv,p3_quant_yolo11s_onnx_int8_20261007T194131Z,python -m ppe.quant --config configs/quant/p3_quant_yolo11s.yaml
269,q_ov16/test/low_light_s3/all/map50,0.267,0.266818,1251,results.csv,p3_quant_yolo11s_openvino_fp16_20261007T195744Z,python -m ppe.quant --config configs/quant/p3_quant_yolo11s.yaml
269,q_ov16/test/low_light_s3/all/recall,0.226,0.226219,1251,results.csv,p3_quant_yolo11s_openvino_fp16_20261007T195744Z,python -m ppe.quant --config configs/quant/p3_quant_yolo11s.yaml
269,q_ov16/test/low_light_s3/violation_classes/macro_recall,0.111,0.111089,154,results.csv,p3_quant_yolo11s_openvino_fp16_20261007T195744Z,python -m ppe.quant --config configs/quant/p3_quant_yolo11s.yaml
269,q_ov16/test/low_light_s3/no_goggle/recall|count,3,0.090909,33,results.csv,p3_quant_yolo11s_openvino_fp16_20261007T195744Z,python -m ppe.quant --config configs/quant/p3_quant_yolo11s.yaml
269,q_ov16/test/low_light_s3/person_any_violation/violation_recall|count,22,0.468085,47,results.csv,p3_quant_yolo11s_openvino_fp16_20261007T195744Z,python -m ppe.quant --config configs/quant/p3_quant_yolo11s.yaml
270,q_ov8/test/low_light_s3/all/map50,0.264,0.263810,1251,results.csv,p3_quant_yolo11s_openvino_int8_20261007T195005Z,python -m ppe.quant --config configs/quant/p3_quant_yolo11s.yaml
270,q_ov8/test/low_light_s3/all/recall,0.214,0.214229,1251,results.csv,p3_quant_yolo11s_openvino_int8_20261007T195005Z,python -m ppe.quant --config configs/quant/p3_quant_yolo11s.yaml
270,q_ov8/test/low_light_s3/violation_classes/macro_recall,0.095,0.094893,154,results.csv,p3_quant_yolo11s_openvino_int8_20261007T195005Z,python -m ppe.quant --config configs/quant/p3_quant_yolo11s.yaml
270,q_ov8/test/low_light_s3/no_goggle/recall|count,2,0.060606,33,results.csv,p3_quant_yolo11s_openvino_int8_20261007T195005Z,python -m ppe.quant --config configs/quant/p3_quant_yolo11s.yaml
270,q_ov8/test/low_light_s3/person_any_violation/violation_recall|count,20,0.425532,47,results.csv,p3_quant_yolo11s_openvino_int8_20261007T195005Z,python -m ppe.quant --config configs/quant/p3_quant_yolo11s.yaml
272,cmp/test/low_light_s3/all/recall_delta_widening@onnx_int8 vs onnx_fp32|signed,-0.115,-0.115108,1251,results.csv,p3_quant_yolo11s_compare_20261007T200711Z,python -m ppe.quant --config configs/quant/p3_quant_yolo11s.yaml
273,cmp/test/low_light_s3/all/recall_delta_widening_ci95_low@onnx_int8 vs onnx_fp32|signed,-0.138,-0.138043,1251,results.csv,p3_quant_yolo11s_compare_20261007T200711Z,python -m ppe.quant --config configs/quant/p3_quant_yolo11s.yaml
273,cmp/test/low_light_s3/all/recall_delta_widening_ci95_high@onnx_int8 vs onnx_fp32|signed,-0.093,-0.092833,1251,results.csv,p3_quant_yolo11s_compare_20261007T200711Z,python -m ppe.quant --config configs/quant/p3_quant_yolo11s.yaml
274,cmp/test/low_light_s3/person_any_violation/violation_recall_delta_widening@onnx_int8 vs onnx_fp32|signed,-0.277,-0.276596,47,results.csv,p3_quant_yolo11s_compare_20261007T200711Z,python -m ppe.quant --config configs/quant/p3_quant_yolo11s.yaml
275,cmp/test/low_light_s3/person_any_violation/violation_recall_delta_widening_ci95_low@onnx_int8 vs onnx_fp32|signed,-0.435,-0.434783,47,results.csv,p3_quant_yolo11s_compare_20261007T200711Z,python -m ppe.quant --config configs/quant/p3_quant_yolo11s.yaml
275,cmp/test/low_light_s3/person_any_violation/violation_recall_delta_widening_ci95_high@onnx_int8 vs onnx_fp32|signed,-0.115,-0.115330,47,results.csv,p3_quant_yolo11s_compare_20261007T200711Z,python -m ppe.quant --config configs/quant/p3_quant_yolo11s.yaml
276,q_onnx8/test/haze_s3/violation_classes/macro_recall,0.098,0.097544,154,results.csv,p3_quant_yolo11s_onnx_int8_20261007T194131Z,python -m ppe.quant --config configs/quant/p3_quant_yolo11s.yaml
276,q_onnx32/test/haze_s3/violation_classes/macro_recall,0.154,0.153710,154,results.csv,p3_quant_yolo11s_onnx_fp32_20261007T193159Z,python -m ppe.quant --config configs/quant/p3_quant_yolo11s.yaml
277,cmp/test/clean/all/recall_quant_diff@onnx_int8 vs onnx_fp32|signed,+0.002,0.002398,1251,results.csv,p3_quant_yolo11s_compare_20261007T200711Z,python -m ppe.quant --config configs/quant/p3_quant_yolo11s.yaml
278,cmp/test/clean/all/recall_quant_diff_ci95_low@onnx_int8 vs onnx_fp32|signed,-0.006,-0.005731,1251,results.csv,p3_quant_yolo11s_compare_20261007T200711Z,python -m ppe.quant --config configs/quant/p3_quant_yolo11s.yaml
278,cmp/test/clean/all/recall_quant_diff_ci95_high@onnx_int8 vs onnx_fp32|signed,+0.010,0.009959,1251,results.csv,p3_quant_yolo11s_compare_20261007T200711Z,python -m ppe.quant --config configs/quant/p3_quant_yolo11s.yaml
280,cmp/test/clean/all/recall_quant_diff@openvino_int8 vs onnx_fp32|signed,-0.008,-0.007994,1251,results.csv,p3_quant_yolo11s_compare_20261007T200711Z,python -m ppe.quant --config configs/quant/p3_quant_yolo11s.yaml
281,cmp/test/clean/all/recall_quant_diff_ci95_low@openvino_int8 vs onnx_fp32|signed,-0.014,-0.014056,1251,results.csv,p3_quant_yolo11s_compare_20261007T200711Z,python -m ppe.quant --config configs/quant/p3_quant_yolo11s.yaml
281,cmp/test/clean/all/recall_quant_diff_ci95_high@openvino_int8 vs onnx_fp32|signed,-0.002,-0.001664,1251,results.csv,p3_quant_yolo11s_compare_20261007T200711Z,python -m ppe.quant --config configs/quant/p3_quant_yolo11s.yaml
282,cmp/test/low_light_s3/all/recall_delta_widening@openvino_int8 vs onnx_fp32|signed,-0.006,-0.005596,1251,results.csv,p3_quant_yolo11s_compare_20261007T200711Z,python -m ppe.quant --config configs/quant/p3_quant_yolo11s.yaml
283,cmp/test/low_light_s3/all/recall_delta_widening_ci95_low@openvino_int8 vs onnx_fp32|signed,-0.016,-0.015600,1251,results.csv,p3_quant_yolo11s_compare_20261007T200711Z,python -m ppe.quant --config configs/quant/p3_quant_yolo11s.yaml
283,cmp/test/low_light_s3/all/recall_delta_widening_ci95_high@openvino_int8 vs onnx_fp32|signed,+0.004,0.003959,1251,results.csv,p3_quant_yolo11s_compare_20261007T200711Z,python -m ppe.quant --config configs/quant/p3_quant_yolo11s.yaml
284,cmp/test/clean/all/recall_quant_diff@openvino_fp16 vs onnx_fp32|signed,-0.002,-0.001599,1251,results.csv,p3_quant_yolo11s_compare_20261007T200711Z,python -m ppe.quant --config configs/quant/p3_quant_yolo11s.yaml
296,bench/val/bench/all/fps_e2e_mean@pytorch_fp32|.2f,7.54,7.539645,200,results.csv,p3_bench_cloud_cpu_20261007T203823Z,python -m ppe.bench --config configs/bench/p3_bench_cloud_cpu.yaml
296,bench/val/bench/all/fps_e2e_std@pytorch_fp32|.2f,0.10,0.100435,200,results.csv,p3_bench_cloud_cpu_20261007T203823Z,python -m ppe.bench --config configs/bench/p3_bench_cloud_cpu.yaml
296,bench/val/bench/all/latency_ms_p50@pytorch_fp32|.1f,135.6,135.578257,600,results.csv,p3_bench_cloud_cpu_20261007T203823Z,python -m ppe.bench --config configs/bench/p3_bench_cloud_cpu.yaml
296,bench/val/bench/all/peak_rss_mb@pytorch_fp32|.1f,886.5,886.484000,3,results.csv,p3_bench_cloud_cpu_20261007T203823Z,python -m ppe.bench --config configs/bench/p3_bench_cloud_cpu.yaml
297,exp/*/export/all/model_size_mb@onnx_fp32|.1f,37.9,37.943751,1,results.csv,p3_export_yolo11s_20261007T201818Z,python -m ppe.export --config configs/export/p3_export_yolo11s.yaml --skip-existing
297,bench/val/bench/all/fps_e2e_mean@onnx_fp32|.2f,11.70,11.696836,200,results.csv,p3_bench_cloud_cpu_20261007T203823Z,python -m ppe.bench --config configs/bench/p3_bench_cloud_cpu.yaml
297,bench/val/bench/all/fps_e2e_std@onnx_fp32|.2f,0.10,0.098643,200,results.csv,p3_bench_cloud_cpu_20261007T203823Z,python -m ppe.bench --config configs/bench/p3_bench_cloud_cpu.yaml
297,bench/val/bench/all/latency_ms_p50@onnx_fp32|.1f,80.7,80.688244,600,results.csv,p3_bench_cloud_cpu_20261007T203823Z,python -m ppe.bench --config configs/bench/p3_bench_cloud_cpu.yaml
297,bench/val/bench/all/peak_rss_mb@onnx_fp32|.1f,888.2,888.180000,3,results.csv,p3_bench_cloud_cpu_20261007T203823Z,python -m ppe.bench --config configs/bench/p3_bench_cloud_cpu.yaml
298,exp/*/export/all/model_size_mb@onnx_int8|.1f,10.2,10.195437,1,results.csv,p3_export_yolo11s_20261007T201818Z,python -m ppe.export --config configs/export/p3_export_yolo11s.yaml --skip-existing
298,bench/val/bench/all/fps_e2e_mean@onnx_int8|.2f,15.42,15.422906,200,results.csv,p3_bench_cloud_cpu_20261007T203823Z,python -m ppe.bench --config configs/bench/p3_bench_cloud_cpu.yaml
298,bench/val/bench/all/fps_e2e_std@onnx_int8|.2f,1.01,1.013754,200,results.csv,p3_bench_cloud_cpu_20261007T203823Z,python -m ppe.bench --config configs/bench/p3_bench_cloud_cpu.yaml
298,bench/val/bench/all/latency_ms_p50@onnx_int8|.1f,59.5,59.459230,600,results.csv,p3_bench_cloud_cpu_20261007T203823Z,python -m ppe.bench --config configs/bench/p3_bench_cloud_cpu.yaml
298,bench/val/bench/all/peak_rss_mb@onnx_int8|.1f,738.0,737.972000,3,results.csv,p3_bench_cloud_cpu_20261007T203823Z,python -m ppe.bench --config configs/bench/p3_bench_cloud_cpu.yaml
299,exp/*/export/all/model_size_mb@openvino_fp32|.1f,38.1,38.077985,1,results.csv,p3_export_yolo11s_20261007T201818Z,python -m ppe.export --config configs/export/p3_export_yolo11s.yaml --skip-existing
299,bench/val/bench/all/fps_e2e_mean@openvino_fp32|.2f,29.52,29.515595,200,results.csv,p3_bench_cloud_cpu_20261007T203823Z,python -m ppe.bench --config configs/bench/p3_bench_cloud_cpu.yaml
299,bench/val/bench/all/fps_e2e_std@openvino_fp32|.2f,0.86,0.864181,200,results.csv,p3_bench_cloud_cpu_20261007T203823Z,python -m ppe.bench --config configs/bench/p3_bench_cloud_cpu.yaml
299,bench/val/bench/all/latency_ms_p50@openvino_fp32|.1f,32.4,32.408832,600,results.csv,p3_bench_cloud_cpu_20261007T203823Z,python -m ppe.bench --config configs/bench/p3_bench_cloud_cpu.yaml
299,bench/val/bench/all/peak_rss_mb@openvino_fp32|.1f,845.9,845.916000,3,results.csv,p3_bench_cloud_cpu_20261007T203823Z,python -m ppe.bench --config configs/bench/p3_bench_cloud_cpu.yaml
300,exp/*/export/all/model_size_mb@openvino_fp16|.1f,19.3,19.301155,1,results.csv,p3_export_yolo11s_20261007T201818Z,python -m ppe.export --config configs/export/p3_export_yolo11s.yaml --skip-existing
300,bench/val/bench/all/fps_e2e_mean@openvino_fp16|.2f,27.42,27.420789,200,results.csv,p3_bench_cloud_cpu_20261007T203823Z,python -m ppe.bench --config configs/bench/p3_bench_cloud_cpu.yaml
300,bench/val/bench/all/fps_e2e_std@openvino_fp16|.2f,4.88,4.875469,200,results.csv,p3_bench_cloud_cpu_20261007T203823Z,python -m ppe.bench --config configs/bench/p3_bench_cloud_cpu.yaml
300,bench/val/bench/all/latency_ms_p50@openvino_fp16|.1f,34.8,34.755311,600,results.csv,p3_bench_cloud_cpu_20261007T203823Z,python -m ppe.bench --config configs/bench/p3_bench_cloud_cpu.yaml
300,bench/val/bench/all/peak_rss_mb@openvino_fp16|.1f,865.4,865.376000,3,results.csv,p3_bench_cloud_cpu_20261007T203823Z,python -m ppe.bench --config configs/bench/p3_bench_cloud_cpu.yaml
301,exp/*/export/all/model_size_mb@openvino_int8|.1f,10.3,10.274200,1,results.csv,p3_export_yolo11s_20261007T201818Z,python -m ppe.export --config configs/export/p3_export_yolo11s.yaml --skip-existing
301,bench/val/bench/all/fps_e2e_mean@openvino_int8|.2f,29.06,29.064071,200,results.csv,p3_bench_cloud_cpu_20261007T203823Z,python -m ppe.bench --config configs/bench/p3_bench_cloud_cpu.yaml
301,bench/val/bench/all/fps_e2e_std@openvino_int8|.2f,1.91,1.906077,200,results.csv,p3_bench_cloud_cpu_20261007T203823Z,python -m ppe.bench --config configs/bench/p3_bench_cloud_cpu.yaml
301,bench/val/bench/all/latency_ms_p50@openvino_int8|.1f,33.2,33.153937,600,results.csv,p3_bench_cloud_cpu_20261007T203823Z,python -m ppe.bench --config configs/bench/p3_bench_cloud_cpu.yaml
301,bench/val/bench/all/peak_rss_mb@openvino_int8|.1f,835.5,835.460000,3,results.csv,p3_bench_cloud_cpu_20261007T203823Z,python -m ppe.bench --config configs/bench/p3_bench_cloud_cpu.yaml
302,exp/*/export/all/model_size_mb@ncnn_fp32|.1f,37.9,37.860646,1,results.csv,p3_export_yolo11s_20261007T201818Z,python -m ppe.export --config configs/export/p3_export_yolo11s.yaml --skip-existing
302,bench/val/bench/all/fps_e2e_mean@ncnn_fp32|.2f,8.33,8.328425,200,results.csv,p3_bench_cloud_cpu_20261007T203823Z,python -m ppe.bench --config configs/bench/p3_bench_cloud_cpu.yaml
302,bench/val/bench/all/fps_e2e_std@ncnn_fp32|.2f,0.47,0.472139,200,results.csv,p3_bench_cloud_cpu_20261007T203823Z,python -m ppe.bench --config configs/bench/p3_bench_cloud_cpu.yaml
302,bench/val/bench/all/latency_ms_p50@ncnn_fp32|.1f,116.9,116.911116,600,results.csv,p3_bench_cloud_cpu_20261007T203823Z,python -m ppe.bench --config configs/bench/p3_bench_cloud_cpu.yaml
302,bench/val/bench/all/peak_rss_mb@ncnn_fp32|.1f,882.4,882.432000,3,results.csv,p3_bench_cloud_cpu_20261007T203823Z,python -m ppe.bench --config configs/bench/p3_bench_cloud_cpu.yaml
303,exp/*/export/all/model_size_mb@ncnn_fp16|.1f,19.1,19.056966,1,results.csv,p3_export_yolo11s_20261007T201818Z,python -m ppe.export --config configs/export/p3_export_yolo11s.yaml --skip-existing
303,bench/val/bench/all/fps_e2e_mean@ncnn_fp16|.2f,8.48,8.479711,200,results.csv,p3_bench_cloud_cpu_20261007T203823Z,python -m ppe.bench --config configs/bench/p3_bench_cloud_cpu.yaml
303,bench/val/bench/all/fps_e2e_std@ncnn_fp16|.2f,0.22,0.222680,200,results.csv,p3_bench_cloud_cpu_20261007T203823Z,python -m ppe.bench --config configs/bench/p3_bench_cloud_cpu.yaml
303,bench/val/bench/all/latency_ms_p50@ncnn_fp16|.1f,115.7,115.729126,600,results.csv,p3_bench_cloud_cpu_20261007T203823Z,python -m ppe.bench --config configs/bench/p3_bench_cloud_cpu.yaml
303,bench/val/bench/all/peak_rss_mb@ncnn_fp16|.1f,881.6,881.564000,3,results.csv,p3_bench_cloud_cpu_20261007T203823Z,python -m ppe.bench --config configs/bench/p3_bench_cloud_cpu.yaml
304,exp/*/export/all/model_size_mb@tflite_fp32|.1f,38.0,38.046076,1,results.csv,p3_export_yolo11s_20261007T201818Z,python -m ppe.export --config configs/export/p3_export_yolo11s.yaml --skip-existing
304,bench/val/bench/all/fps_e2e_mean@tflite_fp32|.2f,3.54,3.542576,200,results.csv,p3_bench_cloud_cpu_20261007T203823Z,python -m ppe.bench --config configs/bench/p3_bench_cloud_cpu.yaml
304,bench/val/bench/all/fps_e2e_std@tflite_fp32|.2f,0.08,0.079160,200,results.csv,p3_bench_cloud_cpu_20261007T203823Z,python -m ppe.bench --config configs/bench/p3_bench_cloud_cpu.yaml
304,bench/val/bench/all/latency_ms_p50@tflite_fp32|.1f,276.5,276.522857,600,results.csv,p3_bench_cloud_cpu_20261007T203823Z,python -m ppe.bench --config configs/bench/p3_bench_cloud_cpu.yaml
304,bench/val/bench/all/peak_rss_mb@tflite_fp32|.1f,1368.9,1368.876000,3,results.csv,p3_bench_cloud_cpu_20261007T203823Z,python -m ppe.bench --config configs/bench/p3_bench_cloud_cpu.yaml
305,exp/*/export/all/model_size_mb@tflite_fp16|.1f,19.2,19.163297,1,results.csv,p3_export_yolo11s_20261007T201818Z,python -m ppe.export --config configs/export/p3_export_yolo11s.yaml --skip-existing
305,bench/val/bench/all/fps_e2e_mean@tflite_fp16|.2f,3.70,3.703565,200,results.csv,p3_bench_cloud_cpu_20261007T203823Z,python -m ppe.bench --config configs/bench/p3_bench_cloud_cpu.yaml
305,bench/val/bench/all/fps_e2e_std@tflite_fp16|.2f,0.23,0.233865,200,results.csv,p3_bench_cloud_cpu_20261007T203823Z,python -m ppe.bench --config configs/bench/p3_bench_cloud_cpu.yaml
305,bench/val/bench/all/latency_ms_p50@tflite_fp16|.1f,270.2,270.232163,600,results.csv,p3_bench_cloud_cpu_20261007T203823Z,python -m ppe.bench --config configs/bench/p3_bench_cloud_cpu.yaml
305,bench/val/bench/all/peak_rss_mb@tflite_fp16|.1f,1353.9,1353.944000,3,results.csv,p3_bench_cloud_cpu_20261007T203823Z,python -m ppe.bench --config configs/bench/p3_bench_cloud_cpu.yaml
309,bench/val/bench/all/fps_e2e_std@openvino_fp16|.2f,4.88,4.875469,200,results.csv,p3_bench_cloud_cpu_20261007T203823Z,python -m ppe.bench --config configs/bench/p3_bench_cloud_cpu.yaml
324,est/test/clean/all/true_recall_drop,0.000,0.000000,1251,results.csv,p4_estimator_yolo11s_20261008T000831Z,python -m ppe.estimator --config configs/estimator/p4_estimator_yolo11s.yaml
330,est/test/shifted_18_cells/all/mae_window_signals|n,360,0.089560,360,results.csv,p4_estimator_yolo11s_20261008T000831Z,python -m ppe.estimator --config configs/estimator/p4_estimator_yolo11s.yaml
334,est/test/shifted_18_cells/all/mae_window_signals,0.090,0.089560,360,results.csv,p4_estimator_yolo11s_20261008T000831Z,python -m ppe.estimator --config configs/estimator/p4_estimator_yolo11s.yaml
334,est/test/shifted_18_cells/all/mae_window_signals_ci95_low,0.068,0.067819,360,results.csv,p4_estimator_yolo11s_20261008T000831Z,python -m ppe.estimator --config configs/estimator/p4_estimator_yolo11s.yaml
334,est/test/shifted_18_cells/all/mae_window_signals_ci95_high,0.115,0.115151,360,results.csv,p4_estimator_yolo11s_20261008T000831Z,python -m ppe.estimator --config configs/estimator/p4_estimator_yolo11s.yaml
334,est/test/shifted_18_cells/all/bias_window_signals|signed,+0.048,0.048468,360,results.csv,p4_estimator_yolo11s_20261008T000831Z,python -m ppe.estimator --config configs/estimator/p4_estimator_yolo11s.yaml
334,est/test/shifted_18_cells/all/mae_cell_signals,0.053,0.053233,18,results.csv,p4_estimator_yolo11s_20261008T000831Z,python -m ppe.estimator --config configs/estimator/p4_estimator_yolo11s.yaml
334,est/test/shifted_18_cells/all/spearman_cell_signals,0.889,0.888545,18,results.csv,p4_estimator_yolo11s_20261008T000831Z,python -m ppe.estimator --config configs/estimator/p4_estimator_yolo11s.yaml
335,est/test/shifted_18_cells/all/mae_window_ac,0.147,0.146603,360,results.csv,p4_estimator_yolo11s_20261008T000831Z,python -m ppe.estimator --config configs/estimator/p4_estimator_yolo11s.yaml
335,est/test/shifted_18_cells/all/mae_window_ac_ci95_low,0.093,0.093054,360,results.csv,p4_estimator_yolo11s_20261008T000831Z,python -m ppe.estimator --config configs/estimator/p4_estimator_yolo11s.yaml
335,est/test/shifted_18_cells/all/mae_window_ac_ci95_high,0.211,0.211335,360,results.csv,p4_estimator_yolo11s_20261008T000831Z,python -m ppe.estimator --config configs/estimator/p4_estimator_yolo11s.yaml
335,est/test/shifted_18_cells/all/bias_window_ac|signed,-0.146,-0.145943,360,results.csv,p4_estimator_yolo11s_20261008T000831Z,python -m ppe.estimator --config configs/estimator/p4_estimator_yolo11s.yaml
335,est/test/shifted_18_cells/all/mae_cell_ac,0.140,0.139518,18,results.csv,p4_estimator_yolo11s_20261008T000831Z,python -m ppe.estimator --config configs/estimator/p4_estimator_yolo11s.yaml
335,est/test/shifted_18_cells/all/spearman_cell_ac,0.837,0.836945,18,results.csv,p4_estimator_yolo11s_20261008T000831Z,python -m ppe.estimator --config configs/estimator/p4_estimator_yolo11s.yaml
336,est/test/shifted_18_cells/all/mae_window_atc,0.164,0.164341,360,results.csv,p4_estimator_yolo11s_20261008T000831Z,python -m ppe.estimator --config configs/estimator/p4_estimator_yolo11s.yaml
336,est/test/shifted_18_cells/all/mae_window_atc_ci95_low,0.106,0.106404,360,results.csv,p4_estimator_yolo11s_20261008T000831Z,python -m ppe.estimator --config configs/estimator/p4_estimator_yolo11s.yaml
336,est/test/shifted_18_cells/all/mae_window_atc_ci95_high,0.235,0.235285,360,results.csv,p4_estimator_yolo11s_20261008T000831Z,python -m ppe.estimator --config configs/estimator/p4_estimator_yolo11s.yaml
336,est/test/shifted_18_cells/all/bias_window_atc|signed,-0.162,-0.162401,360,results.csv,p4_estimator_yolo11s_20261008T000831Z,python -m ppe.estimator --config configs/estimator/p4_estimator_yolo11s.yaml
336,est/test/shifted_18_cells/all/mae_cell_atc,0.156,0.156414,18,results.csv,p4_estimator_yolo11s_20261008T000831Z,python -m ppe.estimator --config configs/estimator/p4_estimator_yolo11s.yaml
336,est/test/shifted_18_cells/all/spearman_cell_atc,0.383,0.382869,18,results.csv,p4_estimator_yolo11s_20261008T000831Z,python -m ppe.estimator --config configs/estimator/p4_estimator_yolo11s.yaml
337,est/test/shifted_18_cells/all/mae_window_only_confidence_drift,0.083,0.083328,360,results.csv,p4_estimator_yolo11s_20261008T000831Z,python -m ppe.estimator --config configs/estimator/p4_estimator_yolo11s.yaml
337,est/test/shifted_18_cells/all/mae_window_only_confidence_drift_ci95_low,0.073,0.073368,360,results.csv,p4_estimator_yolo11s_20261008T000831Z,python -m ppe.estimator --config configs/estimator/p4_estimator_yolo11s.yaml
337,est/test/shifted_18_cells/all/mae_window_only_confidence_drift_ci95_high,0.095,0.094749,360,results.csv,p4_estimator_yolo11s_20261008T000831Z,python -m ppe.estimator --config configs/estimator/p4_estimator_yolo11s.yaml
337,est/test/shifted_18_cells/all/bias_window_only_confidence_drift|signed,+0.032,0.032218,360,results.csv,p4_estimator_yolo11s_20261008T000831Z,python -m ppe.estimator --config configs/estimator/p4_estimator_yolo11s.yaml
337,est/test/shifted_18_cells/all/mae_cell_only_confidence_drift,0.039,0.038818,18,results.csv,p4_estimator_yolo11s_20261008T000831Z,python -m ppe.estimator --config configs/estimator/p4_estimator_yolo11s.yaml
337,est/test/shifted_18_cells/all/spearman_cell_only_confidence_drift,0.953,0.952528,18,results.csv,p4_estimator_yolo11s_20261008T000831Z,python -m ppe.estimator --config configs/estimator/p4_estimator_yolo11s.yaml
338,est/test/shifted_18_cells/all/mae_window_only_augmentation_disagreement,0.079,0.078696,360,results.csv,p4_estimator_yolo11s_20261008T000831Z,python -m ppe.estimator --config configs/estimator/p4_estimator_yolo11s.yaml
338,est/test/shifted_18_cells/all/mae_window_only_augmentation_disagreement_ci95_low,0.049,0.049489,360,results.csv,p4_estimator_yolo11s_20261008T000831Z,python -m ppe.estimator --config configs/estimator/p4_estimator_yolo11s.yaml
338,est/test/shifted_18_cells/all/mae_window_only_augmentation_disagreement_ci95_high,0.116,0.116179,360,results.csv,p4_estimator_yolo11s_20261008T000831Z,python -m ppe.estimator --config configs/estimator/p4_estimator_yolo11s.yaml
338,est/test/shifted_18_cells/all/bias_window_only_augmentation_disagreement|signed,+0.003,0.002555,360,results.csv,p4_estimator_yolo11s_20261008T000831Z,python -m ppe.estimator --config configs/estimator/p4_estimator_yolo11s.yaml
338,est/test/shifted_18_cells/all/mae_cell_only_augmentation_disagreement,0.071,0.070826,18,results.csv,p4_estimator_yolo11s_20261008T000831Z,python -m ppe.estimator --config configs/estimator/p4_estimator_yolo11s.yaml
338,est/test/shifted_18_cells/all/spearman_cell_only_augmentation_disagreement,0.794,0.793602,18,results.csv,p4_estimator_yolo11s_20261008T000831Z,python -m ppe.estimator --config configs/estimator/p4_estimator_yolo11s.yaml
339,est/test/shifted_18_cells/all/mae_window_only_temporal_inconsistency,0.083,0.083152,360,results.csv,p4_estimator_yolo11s_20261008T000831Z,python -m ppe.estimator --config configs/estimator/p4_estimator_yolo11s.yaml
339,est/test/shifted_18_cells/all/mae_window_only_temporal_inconsistency_ci95_low,0.060,0.059548,360,results.csv,p4_estimator_yolo11s_20261008T000831Z,python -m ppe.estimator --config configs/estimator/p4_estimator_yolo11s.yaml
339,est/test/shifted_18_cells/all/mae_window_only_temporal_inconsistency_ci95_high,0.113,0.112988,360,results.csv,p4_estimator_yolo11s_20261008T000831Z,python -m ppe.estimator --config configs/estimator/p4_estimator_yolo11s.yaml
339,est/test/shifted_18_cells/all/bias_window_only_temporal_inconsistency|signed,-0.013,-0.012721,360,results.csv,p4_estimator_yolo11s_20261008T000831Z,python -m ppe.estimator --config configs/estimator/p4_estimator_yolo11s.yaml
339,est/test/shifted_18_cells/all/mae_cell_only_temporal_inconsistency,0.072,0.071564,18,results.csv,p4_estimator_yolo11s_20261008T000831Z,python -m ppe.estimator --config configs/estimator/p4_estimator_yolo11s.yaml
339,est/test/shifted_18_cells/all/spearman_cell_only_temporal_inconsistency,0.684,0.684211,18,results.csv,p4_estimator_yolo11s_20261008T000831Z,python -m ppe.estimator --config configs/estimator/p4_estimator_yolo11s.yaml
340,est/test/shifted_18_cells/all/mae_window_only_feature_distance,0.099,0.098824,360,results.csv,p4_estimator_yolo11s_20261008T000831Z,python -m ppe.estimator --config configs/estimator/p4_estimator_yolo11s.yaml
340,est/test/shifted_18_cells/all/mae_window_only_feature_distance_ci95_low,0.062,0.062454,360,results.csv,p4_estimator_yolo11s_20261008T000831Z,python -m ppe.estimator --config configs/estimator/p4_estimator_yolo11s.yaml
340,est/test/shifted_18_cells/all/mae_window_only_feature_distance_ci95_high,0.146,0.145585,360,results.csv,p4_estimator_yolo11s_20261008T000831Z,python -m ppe.estimator --config configs/estimator/p4_estimator_yolo11s.yaml
340,est/test/shifted_18_cells/all/bias_window_only_feature_distance|signed,+0.029,0.029076,360,results.csv,p4_estimator_yolo11s_20261008T000831Z,python -m ppe.estimator --config configs/estimator/p4_estimator_yolo11s.yaml
340,est/test/shifted_18_cells/all/mae_cell_only_feature_distance,0.092,0.091670,18,results.csv,p4_estimator_yolo11s_20261008T000831Z,python -m ppe.estimator --config configs/estimator/p4_estimator_yolo11s.yaml
340,est/test/shifted_18_cells/all/spearman_cell_only_feature_distance,0.682,0.682147,18,results.csv,p4_estimator_yolo11s_20261008T000831Z,python -m ppe.estimator --config configs/estimator/p4_estimator_yolo11s.yaml
341,est/test/shifted_18_cells/all/mae_window_only_person_detector_disagreement,0.107,0.106598,360,results.csv,p4_estimator_yolo11s_20261008T000831Z,python -m ppe.estimator --config configs/estimator/p4_estimator_yolo11s.yaml
341,est/test/shifted_18_cells/all/mae_window_only_person_detector_disagreement_ci95_low,0.087,0.087261,360,results.csv,p4_estimator_yolo11s_20261008T000831Z,python -m ppe.estimator --config configs/estimator/p4_estimator_yolo11s.yaml
341,est/test/shifted_18_cells/all/mae_window_only_person_detector_disagreement_ci95_high,0.128,0.127933,360,results.csv,p4_estimator_yolo11s_20261008T000831Z,python -m ppe.estimator --config configs/estimator/p4_estimator_yolo11s.yaml
341,est/test/shifted_18_cells/all/bias_window_only_person_detector_disagreement|signed,+0.027,0.027204,360,results.csv,p4_estimator_yolo11s_20261008T000831Z,python -m ppe.estimator --config configs/estimator/p4_estimator_yolo11s.yaml
341,est/test/shifted_18_cells/all/mae_cell_only_person_detector_disagreement,0.095,0.094859,18,results.csv,p4_estimator_yolo11s_20261008T000831Z,python -m ppe.estimator --config configs/estimator/p4_estimator_yolo11s.yaml
341,est/test/shifted_18_cells/all/spearman_cell_only_person_detector_disagreement,0.424,0.424149,18,results.csv,p4_estimator_yolo11s_20261008T000831Z,python -m ppe.estimator --config configs/estimator/p4_estimator_yolo11s.yaml
342,est/test/shifted_18_cells/all/mae_window_only_orphan_ppe,0.124,0.124413,360,results.csv,p4_estimator_yolo11s_20261008T000831Z,python -m ppe.estimator --config configs/estimator/p4_estimator_yolo11s.yaml
342,est/test/shifted_18_cells/all/mae_window_only_orphan_ppe_ci95_low,0.093,0.093356,360,results.csv,p4_estimator_yolo11s_20261008T000831Z,python -m ppe.estimator --config configs/estimator/p4_estimator_yolo11s.yaml
342,est/test/shifted_18_cells/all/mae_window_only_orphan_ppe_ci95_high,0.161,0.161082,360,results.csv,p4_estimator_yolo11s_20261008T000831Z,python -m ppe.estimator --config configs/estimator/p4_estimator_yolo11s.yaml
342,est/test/shifted_18_cells/all/bias_window_only_orphan_ppe|signed,+0.029,0.029165,360,results.csv,p4_estimator_yolo11s_20261008T000831Z,python -m ppe.estimator --config configs/estimator/p4_estimator_yolo11s.yaml
342,est/test/shifted_18_cells/all/mae_cell_only_orphan_ppe,0.114,0.114033,18,results.csv,p4_estimator_yolo11s_20261008T000831Z,python -m ppe.estimator --config configs/estimator/p4_estimator_yolo11s.yaml
342,est/test/shifted_18_cells/all/spearman_cell_only_orphan_ppe,0.154,0.153767,18,results.csv,p4_estimator_yolo11s_20261008T000831Z,python -m ppe.estimator --config configs/estimator/p4_estimator_yolo11s.yaml
343,est/test/shifted_18_cells/all/mae_window_signals_imgholdout,0.077,0.076654,360,results.csv,p4_estimator_yolo11s_20261008T000831Z,python -m ppe.estimator --config configs/estimator/p4_estimator_yolo11s.yaml
343,est/test/shifted_18_cells/all/mae_window_signals_imgholdout_ci95_low,0.064,0.063550,360,results.csv,p4_estimator_yolo11s_20261008T000831Z,python -m ppe.estimator --config configs/estimator/p4_estimator_yolo11s.yaml
343,est/test/shifted_18_cells/all/mae_window_signals_imgholdout_ci95_high,0.090,0.090230,360,results.csv,p4_estimator_yolo11s_20261008T000831Z,python -m ppe.estimator --config configs/estimator/p4_estimator_yolo11s.yaml
343,est/test/shifted_18_cells/all/bias_window_signals_imgholdout|signed,+0.052,0.051521,360,results.csv,p4_estimator_yolo11s_20261008T000831Z,python -m ppe.estimator --config configs/estimator/p4_estimator_yolo11s.yaml
343,est/test/shifted_18_cells/all/mae_cell_signals_imgholdout,0.034,0.033771,18,results.csv,p4_estimator_yolo11s_20261008T000831Z,python -m ppe.estimator --config configs/estimator/p4_estimator_yolo11s.yaml
343,est/test/shifted_18_cells/all/spearman_cell_signals_imgholdout,0.936,0.936017,18,results.csv,p4_estimator_yolo11s_20261008T000831Z,python -m ppe.estimator --config configs/estimator/p4_estimator_yolo11s.yaml
345,est/test/low_light_s3/all/true_recall_drop,0.488,0.487610,1251,results.csv,p4_estimator_yolo11s_20261008T000831Z,python -m ppe.estimator --config configs/estimator/p4_estimator_yolo11s.yaml
346,est/test/low_light_s3/all/est_recall_drop_ac,0.101,0.101163,1251,results.csv,p4_estimator_yolo11s_20261008T000831Z,python -m ppe.estimator --config configs/estimator/p4_estimator_yolo11s.yaml
346,est/test/low_light_s3/all/est_recall_drop_atc,0.058,0.058451,1251,results.csv,p4_estimator_yolo11s_20261008T000831Z,python -m ppe.estimator --config configs/estimator/p4_estimator_yolo11s.yaml
347,est/test/shifted_18_cells/all/mae_cell_signals,0.053,0.053233,18,results.csv,p4_estimator_yolo11s_20261008T000831Z,python -m ppe.estimator --config configs/estimator/p4_estimator_yolo11s.yaml
347,est/test/shifted_18_cells/all/mae_cell_ac,0.140,0.139518,18,results.csv,p4_estimator_yolo11s_20261008T000831Z,python -m ppe.estimator --config configs/estimator/p4_estimator_yolo11s.yaml
347,est/test/shifted_18_cells/all/mae_cell_atc,0.156,0.156414,18,results.csv,p4_estimator_yolo11s_20261008T000831Z,python -m ppe.estimator --config configs/estimator/p4_estimator_yolo11s.yaml
349,est/test/motion_blur_s3/all/true_recall_drop,0.424,0.424460,1251,results.csv,p4_estimator_yolo11s_20261008T000831Z,python -m ppe.estimator --config configs/estimator/p4_estimator_yolo11s.yaml
349,est/test/motion_blur_s3/all/est_recall_drop_signals,0.215,0.214953,1251,results.csv,p4_estimator_yolo11s_20261008T000831Z,python -m ppe.estimator --config configs/estimator/p4_estimator_yolo11s.yaml
350,est/test/downscale_s1/all/true_recall_drop,0.020,0.019984,1251,results.csv,p4_estimator_yolo11s_20261008T000831Z,python -m ppe.estimator --config configs/estimator/p4_estimator_yolo11s.yaml
350,est/test/downscale_s1/all/est_recall_drop_signals,0.168,0.168290,1251,results.csv,p4_estimator_yolo11s_20261008T000831Z,python -m ppe.estimator --config configs/estimator/p4_estimator_yolo11s.yaml
352,est/test/shifted_18_cells/violation/mae_window_signals,0.142,0.142330,360,results.csv,p4_estimator_yolo11s_20261008T000831Z,python -m ppe.estimator --config configs/estimator/p4_estimator_yolo11s.yaml
353,est/test/shifted_18_cells/violation/mae_window_signals_ci95_low,0.103,0.103180,360,results.csv,p4_estimator_yolo11s_20261008T000831Z,python -m ppe.estimator --config configs/estimator/p4_estimator_yolo11s.yaml
353,est/test/shifted_18_cells/violation/mae_window_signals_ci95_high,0.199,0.198680,360,results.csv,p4_estimator_yolo11s_20261008T000831Z,python -m ppe.estimator --config configs/estimator/p4_estimator_yolo11s.yaml
353,est/test/shifted_18_cells/violation/mae_window_ac,0.114,0.113607,360,results.csv,p4_estimator_yolo11s_20261008T000831Z,python -m ppe.estimator --config configs/estimator/p4_estimator_yolo11s.yaml
354,est/test/shifted_18_cells/violation/mae_window_atc,0.122,0.121603,360,results.csv,p4_estimator_yolo11s_20261008T000831Z,python -m ppe.estimator --config configs/estimator/p4_estimator_yolo11s.yaml
355,est/test/shifted_18_cells/violation/spearman_cell_ac,-0.038,-0.038442,18,results.csv,p4_estimator_yolo11s_20261008T000831Z,python -m ppe.estimator --config configs/estimator/p4_estimator_yolo11s.yaml
355,est/test/shifted_18_cells/violation/spearman_cell_atc,-0.031,-0.031170,18,results.csv,p4_estimator_yolo11s_20261008T000831Z,python -m ppe.estimator --config configs/estimator/p4_estimator_yolo11s.yaml
356,est/test/shifted_18_cells/violation/spearman_cell_signals,0.491,0.491440,18,results.csv,p4_estimator_yolo11s_20261008T000831Z,python -m ppe.estimator --config configs/estimator/p4_estimator_yolo11s.yaml
357,est/test/low_light_s3/violation/true_recall_drop,0.071,0.071429,154,results.csv,p4_estimator_yolo11s_20261008T000831Z,python -m ppe.estimator --config configs/estimator/p4_estimator_yolo11s.yaml
357,est/test/low_light_s3/violation/est_recall_drop_signals,0.664,0.663546,154,results.csv,p4_estimator_yolo11s_20261008T000831Z,python -m ppe.estimator --config configs/estimator/p4_estimator_yolo11s.yaml
362,cfg:0.05:configs/estimator/p4_estimator_yolo11s.yaml,0.05,0.05,,configs/estimator/p4_estimator_yolo11s.yaml,config,
368,est/test/stream_low_light_s3/all/alarm_delay_windows_mean_signals|signed,+0.250,0.250000,20,results.csv,p4_estimator_yolo11s_20261008T000831Z,python -m ppe.estimator --config configs/estimator/p4_estimator_yolo11s.yaml
368,est/test/stream_low_light_s3/all/missed_drops_signals|int,0,0,20,results.csv,p4_estimator_yolo11s_20261008T000831Z,python -m ppe.estimator --config configs/estimator/p4_estimator_yolo11s.yaml
368,est/test/stream_low_light_s3/all/false_alarm_streams_signals|int,18,18,20,results.csv,p4_estimator_yolo11s_20261008T000831Z,python -m ppe.estimator --config configs/estimator/p4_estimator_yolo11s.yaml
368,est/test/stream_low_light_s3/all/alarm_delay_windows_mean_ac|signed,+5.250,5.250000,20,results.csv,p4_estimator_yolo11s_20261008T000831Z,python -m ppe.estimator --config configs/estimator/p4_estimator_yolo11s.yaml
368,est/test/stream_low_light_s3/all/missed_drops_ac|int,0,0,20,results.csv,p4_estimator_yolo11s_20261008T000831Z,python -m ppe.estimator --config configs/estimator/p4_estimator_yolo11s.yaml
368,est/test/stream_low_light_s3/all/false_alarm_streams_ac|int,0,0,20,results.csv,p4_estimator_yolo11s_20261008T000831Z,python -m ppe.estimator --config configs/estimator/p4_estimator_yolo11s.yaml
368,est/test/stream_low_light_s3/all/alarm_delay_windows_mean_atc|signed,+4.750,4.750000,20,results.csv,p4_estimator_yolo11s_20261008T000831Z,python -m ppe.estimator --config configs/estimator/p4_estimator_yolo11s.yaml
368,est/test/stream_low_light_s3/all/missed_drops_atc|int,0,0,20,results.csv,p4_estimator_yolo11s_20261008T000831Z,python -m ppe.estimator --config configs/estimator/p4_estimator_yolo11s.yaml
368,est/test/stream_low_light_s3/all/false_alarm_streams_atc|int,2,2,20,results.csv,p4_estimator_yolo11s_20261008T000831Z,python -m ppe.estimator --config configs/estimator/p4_estimator_yolo11s.yaml
369,est/test/stream_motion_blur_s3/all/alarm_delay_windows_mean_signals|signed,+0.400,0.400000,20,results.csv,p4_estimator_yolo11s_20261008T000831Z,python -m ppe.estimator --config configs/estimator/p4_estimator_yolo11s.yaml
369,est/test/stream_motion_blur_s3/all/missed_drops_signals|int,0,0,20,results.csv,p4_estimator_yolo11s_20261008T000831Z,python -m ppe.estimator --config configs/estimator/p4_estimator_yolo11s.yaml
369,est/test/stream_motion_blur_s3/all/false_alarm_streams_signals|int,17,17,20,results.csv,p4_estimator_yolo11s_20261008T000831Z,python -m ppe.estimator --config configs/estimator/p4_estimator_yolo11s.yaml
369,est/test/stream_motion_blur_s3/all/alarm_delay_windows_mean_ac|signed,+6.833,6.833333,6,results.csv,p4_estimator_yolo11s_20261008T000831Z,python -m ppe.estimator --config configs/estimator/p4_estimator_yolo11s.yaml
369,est/test/stream_motion_blur_s3/all/missed_drops_ac|int,14,14,20,results.csv,p4_estimator_yolo11s_20261008T000831Z,python -m ppe.estimator --config configs/estimator/p4_estimator_yolo11s.yaml
369,est/test/stream_motion_blur_s3/all/false_alarm_streams_ac|int,0,0,20,results.csv,p4_estimator_yolo11s_20261008T000831Z,python -m ppe.estimator --config configs/estimator/p4_estimator_yolo11s.yaml
369,est/test/stream_motion_blur_s3/all/alarm_delay_windows_mean_atc|signed,+4.167,4.166667,6,results.csv,p4_estimator_yolo11s_20261008T000831Z,python -m ppe.estimator --config configs/estimator/p4_estimator_yolo11s.yaml
369,est/test/stream_motion_blur_s3/all/missed_drops_atc|int,14,14,20,results.csv,p4_estimator_yolo11s_20261008T000831Z,python -m ppe.estimator --config configs/estimator/p4_estimator_yolo11s.yaml
369,est/test/stream_motion_blur_s3/all/false_alarm_streams_atc|int,0,0,20,results.csv,p4_estimator_yolo11s_20261008T000831Z,python -m ppe.estimator --config configs/estimator/p4_estimator_yolo11s.yaml
370,est/test/stream_jpeg_s3/all/alarm_delay_windows_mean_signals|signed,+0.300,0.300000,20,results.csv,p4_estimator_yolo11s_20261008T000831Z,python -m ppe.estimator --config configs/estimator/p4_estimator_yolo11s.yaml
370,est/test/stream_jpeg_s3/all/missed_drops_signals|int,0,0,20,results.csv,p4_estimator_yolo11s_20261008T000831Z,python -m ppe.estimator --config configs/estimator/p4_estimator_yolo11s.yaml
370,est/test/stream_jpeg_s3/all/false_alarm_streams_signals|int,16,16,20,results.csv,p4_estimator_yolo11s_20261008T000831Z,python -m ppe.estimator --config configs/estimator/p4_estimator_yolo11s.yaml
370,est/test/stream_jpeg_s3/all/alarm_delay_windows_mean_ac|signed,+5.350,5.350000,20,results.csv,p4_estimator_yolo11s_20261008T000831Z,python -m ppe.estimator --config configs/estimator/p4_estimator_yolo11s.yaml
370,est/test/stream_jpeg_s3/all/missed_drops_ac|int,0,0,20,results.csv,p4_estimator_yolo11s_20261008T000831Z,python -m ppe.estimator --config configs/estimator/p4_estimator_yolo11s.yaml
370,est/test/stream_jpeg_s3/all/false_alarm_streams_ac|int,0,0,20,results.csv,p4_estimator_yolo11s_20261008T000831Z,python -m ppe.estimator --config configs/estimator/p4_estimator_yolo11s.yaml
370,est/test/stream_jpeg_s3/all/alarm_delay_windows_mean_atc|signed,+4.053,4.052632,19,results.csv,p4_estimator_yolo11s_20261008T000831Z,python -m ppe.estimator --config configs/estimator/p4_estimator_yolo11s.yaml
370,est/test/stream_jpeg_s3/all/missed_drops_atc|int,1,1,20,results.csv,p4_estimator_yolo11s_20261008T000831Z,python -m ppe.estimator --config configs/estimator/p4_estimator_yolo11s.yaml
370,est/test/stream_jpeg_s3/all/false_alarm_streams_atc|int,5,5,20,results.csv,p4_estimator_yolo11s_20261008T000831Z,python -m ppe.estimator --config configs/estimator/p4_estimator_yolo11s.yaml
371,est/test/stream_rain_s3/all/alarm_delay_windows_mean_signals|signed,-0.900,-0.900000,20,results.csv,p4_estimator_yolo11s_20261008T000831Z,python -m ppe.estimator --config configs/estimator/p4_estimator_yolo11s.yaml
371,est/test/stream_rain_s3/all/missed_drops_signals|int,0,0,20,results.csv,p4_estimator_yolo11s_20261008T000831Z,python -m ppe.estimator --config configs/estimator/p4_estimator_yolo11s.yaml
371,est/test/stream_rain_s3/all/false_alarm_streams_signals|int,20,20,20,results.csv,p4_estimator_yolo11s_20261008T000831Z,python -m ppe.estimator --config configs/estimator/p4_estimator_yolo11s.yaml
371,est/test/stream_rain_s3/all/alarm_delay_windows_mean_ac|signed,+4.000,4.000000,1,results.csv,p4_estimator_yolo11s_20261008T000831Z,python -m ppe.estimator --config configs/estimator/p4_estimator_yolo11s.yaml
371,est/test/stream_rain_s3/all/missed_drops_ac|int,19,19,20,results.csv,p4_estimator_yolo11s_20261008T000831Z,python -m ppe.estimator --config configs/estimator/p4_estimator_yolo11s.yaml
371,est/test/stream_rain_s3/all/false_alarm_streams_ac|int,0,0,20,results.csv,p4_estimator_yolo11s_20261008T000831Z,python -m ppe.estimator --config configs/estimator/p4_estimator_yolo11s.yaml
371,est/test/stream_rain_s3/all/alarm_delay_windows_mean_atc|signed,+1.000,1.000000,2,results.csv,p4_estimator_yolo11s_20261008T000831Z,python -m ppe.estimator --config configs/estimator/p4_estimator_yolo11s.yaml
371,est/test/stream_rain_s3/all/missed_drops_atc|int,18,18,20,results.csv,p4_estimator_yolo11s_20261008T000831Z,python -m ppe.estimator --config configs/estimator/p4_estimator_yolo11s.yaml
371,est/test/stream_rain_s3/all/false_alarm_streams_atc|int,3,3,20,results.csv,p4_estimator_yolo11s_20261008T000831Z,python -m ppe.estimator --config configs/estimator/p4_estimator_yolo11s.yaml
372,est/test/stream_downscale_s3/all/alarm_delay_windows_mean_signals|signed,-0.500,-0.500000,20,results.csv,p4_estimator_yolo11s_20261008T000831Z,python -m ppe.estimator --config configs/estimator/p4_estimator_yolo11s.yaml
372,est/test/stream_downscale_s3/all/missed_drops_signals|int,0,0,20,results.csv,p4_estimator_yolo11s_20261008T000831Z,python -m ppe.estimator --config configs/estimator/p4_estimator_yolo11s.yaml
372,est/test/stream_downscale_s3/all/false_alarm_streams_signals|int,18,18,20,results.csv,p4_estimator_yolo11s_20261008T000831Z,python -m ppe.estimator --config configs/estimator/p4_estimator_yolo11s.yaml
372,est/test/stream_downscale_s3/all/alarm_delay_windows_mean_ac|signed,+5.421,5.421053,19,results.csv,p4_estimator_yolo11s_20261008T000831Z,python -m ppe.estimator --config configs/estimator/p4_estimator_yolo11s.yaml
372,est/test/stream_downscale_s3/all/missed_drops_ac|int,1,1,20,results.csv,p4_estimator_yolo11s_20261008T000831Z,python -m ppe.estimator --config configs/estimator/p4_estimator_yolo11s.yaml
372,est/test/stream_downscale_s3/all/false_alarm_streams_ac|int,0,0,20,results.csv,p4_estimator_yolo11s_20261008T000831Z,python -m ppe.estimator --config configs/estimator/p4_estimator_yolo11s.yaml
372,est/test/stream_downscale_s3/all/alarm_delay_windows_mean_atc|signed,+4.353,4.352941,17,results.csv,p4_estimator_yolo11s_20261008T000831Z,python -m ppe.estimator --config configs/estimator/p4_estimator_yolo11s.yaml
372,est/test/stream_downscale_s3/all/missed_drops_atc|int,3,3,20,results.csv,p4_estimator_yolo11s_20261008T000831Z,python -m ppe.estimator --config configs/estimator/p4_estimator_yolo11s.yaml
372,est/test/stream_downscale_s3/all/false_alarm_streams_atc|int,6,6,20,results.csv,p4_estimator_yolo11s_20261008T000831Z,python -m ppe.estimator --config configs/estimator/p4_estimator_yolo11s.yaml
373,est/test/stream_haze_s3/all/alarm_delay_windows_mean_signals|signed,-5.300,-5.300000,20,results.csv,p4_estimator_yolo11s_20261008T000831Z,python -m ppe.estimator --config configs/estimator/p4_estimator_yolo11s.yaml
373,est/test/stream_haze_s3/all/missed_drops_signals|int,0,0,20,results.csv,p4_estimator_yolo11s_20261008T000831Z,python -m ppe.estimator --config configs/estimator/p4_estimator_yolo11s.yaml
373,est/test/stream_haze_s3/all/false_alarm_streams_signals|int,20,20,20,results.csv,p4_estimator_yolo11s_20261008T000831Z,python -m ppe.estimator --config configs/estimator/p4_estimator_yolo11s.yaml
373,est/test/stream_haze_s3/all/alarm_delay_windows_mean_ac|signed,-1.000,-1.000000,1,results.csv,p4_estimator_yolo11s_20261008T000831Z,python -m ppe.estimator --config configs/estimator/p4_estimator_yolo11s.yaml
373,est/test/stream_haze_s3/all/missed_drops_ac|int,19,19,20,results.csv,p4_estimator_yolo11s_20261008T000831Z,python -m ppe.estimator --config configs/estimator/p4_estimator_yolo11s.yaml
373,est/test/stream_haze_s3/all/false_alarm_streams_ac|int,1,1,20,results.csv,p4_estimator_yolo11s_20261008T000831Z,python -m ppe.estimator --config configs/estimator/p4_estimator_yolo11s.yaml
373,est/test/stream_haze_s3/all/alarm_delay_windows_mean_atc|signed,-0.571,-0.571429,7,results.csv,p4_estimator_yolo11s_20261008T000831Z,python -m ppe.estimator --config configs/estimator/p4_estimator_yolo11s.yaml
373,est/test/stream_haze_s3/all/missed_drops_atc|int,13,13,20,results.csv,p4_estimator_yolo11s_20261008T000831Z,python -m ppe.estimator --config configs/estimator/p4_estimator_yolo11s.yaml
373,est/test/stream_haze_s3/all/false_alarm_streams_atc|int,2,2,20,results.csv,p4_estimator_yolo11s_20261008T000831Z,python -m ppe.estimator --config configs/estimator/p4_estimator_yolo11s.yaml
377,est/test/clean/all/mae_window_signals,0.086,0.086194,20,results.csv,p4_estimator_yolo11s_20261008T000831Z,python -m ppe.estimator --config configs/estimator/p4_estimator_yolo11s.yaml
377,est/test/clean/all/mae_window_ac,0.036,0.036464,20,results.csv,p4_estimator_yolo11s_20261008T000831Z,python -m ppe.estimator --config configs/estimator/p4_estimator_yolo11s.yaml
388,shift/val/clean/all/monitor_alarm_threshold|.4f,0.2234,0.223440,200,results.csv,p5_site_shift_20261008T005930Z,python -m ppe.loop --config configs/loop/p5_site_shift.yaml
390,cfg:3:configs/loop/p5_site_shift.yaml,3,3,,configs/loop/p5_site_shift.yaml,config,
391,shift/train/stream/all/frames_pooled|int,400,400,400,results.csv,p5_site_shift_20261008T005930Z,python -m ppe.loop --config configs/loop/p5_site_shift.yaml
391,shift/train/stream/all/frames_mined|int,200,200,400,results.csv,p5_site_shift_20261008T005930Z,python -m ppe.loop --config configs/loop/p5_site_shift.yaml
392,shift/train/stream/all/human_minutes|n,20,0,20,results.csv,p5_site_shift_20261008T005930Z,python -m ppe.loop --config configs/loop/p5_site_shift.yaml
392,shift/train/stream/all/replay_frames|int,200,200,332,results.csv,p5_site_shift_20261008T005930Z,python -m ppe.loop --config configs/loop/p5_site_shift.yaml
395,promo:site_shift/map50_tolerance|.2f,0.02,0.02,,promotions.csv,p5_site_shift_20261008T005930Z,python -m ppe.loop --config configs/loop/p5_site_shift.yaml
399,shift/train/stream/all/pseudo_label_error_rate_vs_source,0.000,0.000000,1547,results.csv,p5_site_shift_20261008T005930Z,python -m ppe.loop --config configs/loop/p5_site_shift.yaml
400,shift/train/stream/all/human_minutes|int,0,0,20,results.csv,p5_site_shift_20261008T005930Z,python -m ppe.loop --config configs/loop/p5_site_shift.yaml
409,promo:camera_fault/decision|text,no_retrain,no_retrain,,promotions.csv,p5_camera_fault_20261008T004548Z,python -m ppe.loop --config configs/loop/p5_camera_fault.yaml
409,promo:camera_fault/reason|text,"camera fault (degradation, nonfunctional, stuck_at) in windows [4, 5, 7, 8, 10, 11, 13, 14]: human alerted, retrain suppressed; temporal alarm in windows [2, 3, 15] recovered: logged and waited","camera fault (degradation, nonfunctional, stuck_at) in windows [4, 5, 7, 8, 10, 11, 13, 14]: human alerted, retrain suppressed; temporal alarm in windows [2, 3, 15] recovered: logged and waited",,promotions.csv,p5_camera_fault_20261008T004548Z,python -m ppe.loop --config configs/loop/p5_camera_fault.yaml
410,promo:transient/decision|text,no_retrain,no_retrain,,promotions.csv,p5_transient_20261008T005019Z,python -m ppe.loop --config configs/loop/p5_transient.yaml
410,promo:transient/reason|text,"temporal alarm in windows [2, 3, 5, 6] recovered: logged and waited","temporal alarm in windows [2, 3, 5, 6] recovered: logged and waited",,promotions.csv,p5_transient_20261008T005019Z,python -m ppe.loop --config configs/loop/p5_transient.yaml
411,promo:site_shift_mild/decision|text,no_retrain,no_retrain,,promotions.csv,p5_site_shift_mild_20261008T005323Z,python -m ppe.loop --config configs/loop/p5_site_shift_mild.yaml
411,promo:site_shift_mild/reason|text,"temporal alarm in windows [2, 3, 9, 13] recovered: logged and waited","temporal alarm in windows [2, 3, 9, 13] recovered: logged and waited",,promotions.csv,p5_site_shift_mild_20261008T005323Z,python -m ppe.loop --config configs/loop/p5_site_shift_mild.yaml
412,promo:site_shift/decision|text,rejected,rejected,,promotions.csv,p5_site_shift_20261008T005930Z,python -m ppe.loop --config configs/loop/p5_site_shift.yaml
413,promo:poisoned_pseudo_labels/decision|text,rejected,rejected,,promotions.csv,p5_poisoned_20261008T013823Z,python -m ppe.loop --config configs/loop/p5_poisoned.yaml
415,cam/train/stream/all/retrains|int,0,0,18,results.csv,p5_camera_fault_20261008T004548Z,python -m ppe.loop --config configs/loop/p5_camera_fault.yaml
415,trans/train/stream/all/retrains|int,0,0,13,results.csv,p5_transient_20261008T005019Z,python -m ppe.loop --config configs/loop/p5_transient.yaml
416,trans/train/stream_w05_rain_s3/all/est_recall_drop,0.224,0.224036,40,results.csv,p5_transient_20261008T005019Z,python -m ppe.loop --config configs/loop/p5_transient.yaml
416,trans/train/stream_w06_rain_s3/all/est_recall_drop,0.251,0.250769,40,results.csv,p5_transient_20261008T005019Z,python -m ppe.loop --config configs/loop/p5_transient.yaml
417,trans/train/stream_w05_rain_s3/all/true_recall_drop,0.424,0.423948,309,results.csv,p5_transient_20261008T005019Z,python -m ppe.loop --config configs/loop/p5_transient.yaml
417,trans/train/stream_w06_rain_s3/all/true_recall_drop,0.425,0.424658,292,results.csv,p5_transient_20261008T005019Z,python -m ppe.loop --config configs/loop/p5_transient.yaml
420,trans/train/stream_w02_clean/all/est_recall_drop,0.364,0.363687,40,results.csv,p5_transient_20261008T005019Z,python -m ppe.loop --config configs/loop/p5_transient.yaml
420,trans/train/stream_w03_clean/all/est_recall_drop,0.342,0.341810,40,results.csv,p5_transient_20261008T005019Z,python -m ppe.loop --config configs/loop/p5_transient.yaml
420,trans/train/stream_w02_clean/all/true_recall_drop,0.000,0.000000,264,results.csv,p5_transient_20261008T005019Z,python -m ppe.loop --config configs/loop/p5_transient.yaml
423,mild/train/stream/all/retrains|int,0,0,25,results.csv,p5_site_shift_mild_20261008T005323Z,python -m ppe.loop --config configs/loop/p5_site_shift_mild.yaml
430,promo:site_shift/incumbent_recall/no_helmet|frac,9/40,0.2250,40,promotions.csv,p5_site_shift_20261008T005930Z,python -m ppe.loop --config configs/loop/p5_site_shift.yaml
430,promo:site_shift/candidate_recall/no_helmet|frac,9/40,0.2250,40,promotions.csv,p5_site_shift_20261008T005930Z,python -m ppe.loop --config configs/loop/p5_site_shift.yaml
430,promo:poisoned_pseudo_labels/candidate_recall/no_helmet|frac,9/40,0.2250,40,promotions.csv,p5_poisoned_20261008T013823Z,python -m ppe.loop --config configs/loop/p5_poisoned.yaml
431,promo:site_shift/incumbent_recall/no_goggle|frac,10/33,0.3030,33,promotions.csv,p5_site_shift_20261008T005930Z,python -m ppe.loop --config configs/loop/p5_site_shift.yaml
431,promo:site_shift/candidate_recall/no_goggle|frac,7/33,0.2121,33,promotions.csv,p5_site_shift_20261008T005930Z,python -m ppe.loop --config configs/loop/p5_site_shift.yaml
431,promo:poisoned_pseudo_labels/candidate_recall/no_goggle|frac,8/33,0.2424,33,promotions.csv,p5_poisoned_20261008T013823Z,python -m ppe.loop --config configs/loop/p5_poisoned.yaml
432,promo:site_shift/incumbent_recall/no_gloves|frac,11/58,0.1897,58,promotions.csv,p5_site_shift_20261008T005930Z,python -m ppe.loop --config configs/loop/p5_site_shift.yaml
432,promo:site_shift/candidate_recall/no_gloves|frac,9/58,0.1552,58,promotions.csv,p5_site_shift_20261008T005930Z,python -m ppe.loop --config configs/loop/p5_site_shift.yaml
432,promo:poisoned_pseudo_labels/candidate_recall/no_gloves|frac,11/58,0.1897,58,promotions.csv,p5_poisoned_20261008T013823Z,python -m ppe.loop --config configs/loop/p5_poisoned.yaml
433,promo:site_shift/incumbent_recall/no_boots|frac,0/23,0.0000,23,promotions.csv,p5_site_shift_20261008T005930Z,python -m ppe.loop --config configs/loop/p5_site_shift.yaml
433,promo:site_shift/candidate_recall/no_boots|frac,0/23,0.0000,23,promotions.csv,p5_site_shift_20261008T005930Z,python -m ppe.loop --config configs/loop/p5_site_shift.yaml
433,promo:poisoned_pseudo_labels/candidate_recall/no_boots|frac,0/23,0.0000,23,promotions.csv,p5_poisoned_20261008T013823Z,python -m ppe.loop --config configs/loop/p5_poisoned.yaml
434,promo:site_shift/incumbent_map50|.4f,0.5702,0.570157,,promotions.csv,p5_site_shift_20261008T005930Z,python -m ppe.loop --config configs/loop/p5_site_shift.yaml
434,promo:site_shift/candidate_map50|.4f,0.5490,0.548983,,promotions.csv,p5_site_shift_20261008T005930Z,python -m ppe.loop --config configs/loop/p5_site_shift.yaml
434,promo:poisoned_pseudo_labels/candidate_map50|.4f,0.5521,0.552071,,promotions.csv,p5_poisoned_20261008T013823Z,python -m ppe.loop --config configs/loop/p5_poisoned.yaml
435,promo:site_shift/incumbent_site_recall/all|.4f,0.2287,0.2287,,promotions.csv,p5_site_shift_20261008T005930Z,python -m ppe.loop --config configs/loop/p5_site_shift.yaml
435,promo:site_shift/candidate_site_recall/all|.4f,0.6382,0.6382,,promotions.csv,p5_site_shift_20261008T005930Z,python -m ppe.loop --config configs/loop/p5_site_shift.yaml
435,promo:poisoned_pseudo_labels/candidate_site_recall/all|.4f,0.6288,0.6288,,promotions.csv,p5_poisoned_20261008T013823Z,python -m ppe.loop --config configs/loop/p5_poisoned.yaml
436,shift/val/low_light_s3/violation_pooled/recall_incumbent,0.082,0.082192,146,results.csv,p5_site_shift_20261008T005930Z,python -m ppe.loop --config configs/loop/p5_site_shift.yaml
436,shift/val/low_light_s3/violation_pooled/recall_candidate,0.205,0.205479,146,results.csv,p5_site_shift_20261008T005930Z,python -m ppe.loop --config configs/loop/p5_site_shift.yaml
436,poison/val/low_light_s3/violation_pooled/recall_candidate,0.116,0.116438,146,results.csv,p5_poisoned_20261008T013823Z,python -m ppe.loop --config configs/loop/p5_poisoned.yaml
437,shift/golden_v1/low_light_s3/violation_pooled/recall_incumbent,0.123,0.123377,154,results.csv,p5_site_shift_20261008T005930Z,python -m ppe.loop --config configs/loop/p5_site_shift.yaml
437,shift/golden_v1/low_light_s3/violation_pooled/recall_candidate,0.188,0.188312,154,results.csv,p5_site_shift_20261008T005930Z,python -m ppe.loop --config configs/loop/p5_site_shift.yaml
437,poison/golden_v1/low_light_s3/violation_pooled/recall_candidate,0.104,0.103896,154,results.csv,p5_poisoned_20261008T013823Z,python -m ppe.loop --config configs/loop/p5_poisoned.yaml
439,shift/train/stream/all/retrain_trigger_window|int,7,7,1,results.csv,p5_site_shift_20261008T005930Z,python -m ppe.loop --config configs/loop/p5_site_shift.yaml
441,p1/test/clean/no_boots/recall|n,23,0.000000,23,results.csv,p1_baseline_yolo11s_20261007T175332Z,python -m ppe.eval --config configs/eval/baseline_yolo11s_test.yaml
441,p1/test/clean/no_gloves/recall|n,58,0.189655,58,results.csv,p1_baseline_yolo11s_20261007T175332Z,python -m ppe.eval --config configs/eval/baseline_yolo11s_test.yaml
443,poison/train/stream/all/poisoned_boxes|int,88,88,1547,results.csv,p5_poisoned_20261008T013823Z,python -m ppe.loop --config configs/loop/p5_poisoned.yaml
443,poison/train/stream/all/poisoned_boxes|n,1547,88,1547,results.csv,p5_poisoned_20261008T013823Z,python -m ppe.loop --config configs/loop/p5_poisoned.yaml
444,poison/train/stream/all/pseudo_label_error_rate_vs_source,0.057,0.056884,1547,results.csv,p5_poisoned_20261008T013823Z,python -m ppe.loop --config configs/loop/p5_poisoned.yaml
451,recipe/val/clean/no_goggle/recall_candidate_r1_more_replay_short|count,2,0.048780,41,results.csv,p5_recipe_study_20261008T021718Z,python -m ppe.recipe_study --config configs/loop/p5_recipe_study.yaml
451,recipe/val/clean/no_goggle/recall_candidate_r1_more_replay_short|n,41,0.048780,41,results.csv,p5_recipe_study_20261008T021718Z,python -m ppe.recipe_study --config configs/loop/p5_recipe_study.yaml
451,recipe/val/clean/no_goggle/recall_incumbent_r1_more_replay_short|count,9,0.219512,41,results.csv,p5_recipe_study_20261008T021718Z,python -m ppe.recipe_study --config configs/loop/p5_recipe_study.yaml
452,recipe/val/clean/no_goggle/recall_candidate_r2_head_only|count,8,0.195122,41,results.csv,p5_recipe_study_20261008T021718Z,python -m ppe.recipe_study --config configs/loop/p5_recipe_study.yaml
452,recipe/val/clean/no_goggle/recall_candidate_r2_head_only|n,41,0.195122,41,results.csv,p5_recipe_study_20261008T021718Z,python -m ppe.recipe_study --config configs/loop/p5_recipe_study.yaml
461,p1/test/clean/no_boots/recall|n,23,0.000000,23,results.csv,p1_baseline_yolo11s_20261007T175332Z,python -m ppe.eval --config configs/eval/baseline_yolo11s_test.yaml
461,p1/test/clean/no_gloves/recall|n,58,0.189655,58,results.csv,p1_baseline_yolo11s_20261007T175332Z,python -m ppe.eval --config configs/eval/baseline_yolo11s_test.yaml
462,p1/test/clean/person_any_violation/violation_recall|n,47,0.574468,47,results.csv,p1_baseline_yolo11s_20261007T175332Z,python -m ppe.eval --config configs/eval/baseline_yolo11s_test.yaml
476,p2/test/rain_s1/all/map50_delta|abs,0.006,-0.005942,1251,results.csv,p2_shift_yolo11s_20261007T181833Z,python -m ppe.shift --config configs/shift/p2_shift_yolo11s.yaml
476,p2/test/motion_blur_s1/all/map50_delta|abs,0.030,-0.030230,1251,results.csv,p2_shift_yolo11s_20261007T181833Z,python -m ppe.shift --config configs/shift/p2_shift_yolo11s.yaml
477,p1/test/clean/violation_classes/macro_recall,0.179,0.179421,154,results.csv,p1_baseline_yolo11s_20261007T175332Z,python -m ppe.eval --config configs/eval/baseline_yolo11s_test.yaml
481,cmp/test/low_light_s3/all/recall_delta_widening@onnx_int8 vs onnx_fp32|abs,0.115,-0.115108,1251,results.csv,p3_quant_yolo11s_compare_20261007T200711Z,python -m ppe.quant --config configs/quant/p3_quant_yolo11s.yaml
484,bench/val/bench/all/fps_e2e_mean@openvino_fp32|.1f,29.5,29.515595,200,results.csv,p3_bench_cloud_cpu_20261007T203823Z,python -m ppe.bench --config configs/bench/p3_bench_cloud_cpu.yaml
